-- MySQL dump 10.13  Distrib 8.0.43, for Win64 (x86_64)
--
-- Host: 127.0.0.1    Database: hometech_db
-- ------------------------------------------------------
-- Server version	8.0.43

/*!40101 SET @OLD_CHARACTER_SET_CLIENT=@@CHARACTER_SET_CLIENT */;
/*!40101 SET @OLD_CHARACTER_SET_RESULTS=@@CHARACTER_SET_RESULTS */;
/*!40101 SET @OLD_COLLATION_CONNECTION=@@COLLATION_CONNECTION */;
/*!50503 SET NAMES utf8 */;
/*!40103 SET @OLD_TIME_ZONE=@@TIME_ZONE */;
/*!40103 SET TIME_ZONE='+00:00' */;
/*!40014 SET @OLD_UNIQUE_CHECKS=@@UNIQUE_CHECKS, UNIQUE_CHECKS=0 */;
/*!40014 SET @OLD_FOREIGN_KEY_CHECKS=@@FOREIGN_KEY_CHECKS, FOREIGN_KEY_CHECKS=0 */;
/*!40101 SET @OLD_SQL_MODE=@@SQL_MODE, SQL_MODE='NO_AUTO_VALUE_ON_ZERO' */;
/*!40111 SET @OLD_SQL_NOTES=@@SQL_NOTES, SQL_NOTES=0 */;

--
-- Table structure for table `equipments`
--

DROP TABLE IF EXISTS `equipments`;
/*!40101 SET @saved_cs_client     = @@character_set_client */;
/*!50503 SET character_set_client = utf8mb4 */;
CREATE TABLE `equipments` (
  `id` int NOT NULL AUTO_INCREMENT,
  `name` varchar(255) NOT NULL,
  `img` varchar(200) DEFAULT NULL,
  `unit` varchar(100) DEFAULT NULL,
  `price` int DEFAULT NULL,
  `quantity` int DEFAULT NULL,
  `description` text,
  PRIMARY KEY (`id`)
) ENGINE=InnoDB AUTO_INCREMENT=61 DEFAULT CHARSET=utf8mb4 COLLATE=utf8mb4_0900_ai_ci;
/*!40101 SET character_set_client = @saved_cs_client */;

--
-- Dumping data for table `equipments`
--

LOCK TABLES `equipments` WRITE;
/*!40000 ALTER TABLE `equipments` DISABLE KEYS */;
INSERT INTO `equipments` VALUES (1,'Laptop Dell','1.png','cái',15000000,10,'Máy tính xách tay Dell Inspiron'),(2,'Màn hình Samsung','2.png','cái',3500000,20,'Màn hình LCD 24 inch'),(3,'Bàn phím Logitech','3.png','cái',450000,50,'Bàn phím không dây Logitech K380'),(4,'Ghế213123','4.png','cái',1200000,15,'Ghế xoay nhân viên'),(5,'Máy in HP123123','5.png','cái',2500000,5,'Máy in laser HP 107w'),(57,'Pham Van P123',NULL,'123',123,2,'');
/*!40000 ALTER TABLE `equipments` ENABLE KEYS */;
UNLOCK TABLES;

--
-- Table structure for table `orderequipments`
--

DROP TABLE IF EXISTS `orderequipments`;
/*!40101 SET @saved_cs_client     = @@character_set_client */;
/*!50503 SET character_set_client = utf8mb4 */;
CREATE TABLE `orderequipments` (
  `id` int NOT NULL AUTO_INCREMENT,
  `order_id` int NOT NULL,
  `equipment_id` int DEFAULT NULL,
  `quantity` int DEFAULT '1',
  `created_at` timestamp NULL DEFAULT CURRENT_TIMESTAMP,
  `updated_at` timestamp NULL DEFAULT CURRENT_TIMESTAMP ON UPDATE CURRENT_TIMESTAMP,
  PRIMARY KEY (`id`),
  KEY `fk_orderequipments_equipments` (`equipment_id`),
  KEY `orderequipments_ibfk_1` (`order_id`),
  CONSTRAINT `fk_orderequipments_equipments` FOREIGN KEY (`equipment_id`) REFERENCES `equipments` (`id`),
  CONSTRAINT `orderequipments_ibfk_1` FOREIGN KEY (`order_id`) REFERENCES `orders` (`id`) ON DELETE CASCADE ON UPDATE CASCADE
) ENGINE=InnoDB AUTO_INCREMENT=1144 DEFAULT CHARSET=utf8mb4 COLLATE=utf8mb4_0900_ai_ci;
/*!40101 SET character_set_client = @saved_cs_client */;

--
-- Dumping data for table `orderequipments`
--

LOCK TABLES `orderequipments` WRITE;
/*!40000 ALTER TABLE `orderequipments` DISABLE KEYS */;
INSERT INTO `orderequipments` VALUES (3,2,3,1,'2025-09-22 08:57:09','2025-09-29 03:31:09'),(152,68,3,1,'2025-10-14 12:43:47','2025-10-14 12:43:47'),(153,68,4,1,'2025-10-14 12:43:47','2025-10-14 12:43:47'),(154,68,1,1,'2025-10-14 12:43:47','2025-10-14 12:43:47'),(159,96,1,1,'2025-10-18 08:14:21','2025-10-18 08:14:21'),(160,98,1,1,'2025-10-18 08:21:52','2025-10-18 08:21:52'),(161,98,2,1,'2025-10-18 08:21:52','2025-10-18 08:21:52'),(162,99,1,1,'2025-10-18 08:21:56','2025-10-18 08:21:56'),(163,99,2,1,'2025-10-18 08:21:56','2025-10-18 08:21:56'),(164,100,1,1,'2025-10-18 08:21:58','2025-10-18 08:21:58'),(165,100,2,1,'2025-10-18 08:21:58','2025-10-18 08:21:58'),(166,101,1,1,'2025-10-18 08:21:58','2025-10-18 08:21:58'),(167,101,2,1,'2025-10-18 08:21:58','2025-10-18 08:21:58'),(168,102,1,1,'2025-10-18 08:21:59','2025-10-18 08:21:59'),(169,102,2,1,'2025-10-18 08:21:59','2025-10-18 08:21:59'),(170,103,1,1,'2025-10-18 08:21:59','2025-10-18 08:21:59'),(171,103,2,1,'2025-10-18 08:21:59','2025-10-18 08:21:59'),(172,104,1,1,'2025-10-18 08:21:59','2025-10-18 08:21:59'),(173,104,2,1,'2025-10-18 08:21:59','2025-10-18 08:21:59'),(174,105,1,1,'2025-10-18 08:21:59','2025-10-18 08:21:59'),(175,105,2,1,'2025-10-18 08:21:59','2025-10-18 08:21:59'),(176,106,1,1,'2025-10-18 08:21:59','2025-10-18 08:21:59'),(177,106,2,1,'2025-10-18 08:21:59','2025-10-18 08:21:59'),(178,107,1,1,'2025-10-18 08:22:00','2025-10-18 08:22:00'),(179,107,2,1,'2025-10-18 08:22:00','2025-10-18 08:22:00'),(180,108,1,1,'2025-10-18 08:22:00','2025-10-18 08:22:00'),(181,108,2,1,'2025-10-18 08:22:00','2025-10-18 08:22:00'),(182,109,1,1,'2025-10-18 08:22:00','2025-10-18 08:22:00'),(183,109,2,1,'2025-10-18 08:22:00','2025-10-18 08:22:00'),(184,110,1,1,'2025-10-18 08:22:00','2025-10-18 08:22:00'),(185,110,2,1,'2025-10-18 08:22:00','2025-10-18 08:22:00'),(186,111,1,1,'2025-10-18 08:22:00','2025-10-18 08:22:00'),(187,111,2,1,'2025-10-18 08:22:00','2025-10-18 08:22:00'),(188,112,1,1,'2025-10-18 08:22:00','2025-10-18 08:22:00'),(189,112,2,1,'2025-10-18 08:22:00','2025-10-18 08:22:00'),(190,113,1,1,'2025-10-18 08:22:01','2025-10-18 08:22:01'),(191,113,2,1,'2025-10-18 08:22:01','2025-10-18 08:22:01'),(192,114,1,1,'2025-10-18 08:22:01','2025-10-18 08:22:01'),(193,114,2,1,'2025-10-18 08:22:01','2025-10-18 08:22:01'),(194,115,1,1,'2025-10-18 08:22:01','2025-10-18 08:22:01'),(195,115,2,1,'2025-10-18 08:22:01','2025-10-18 08:22:01'),(196,116,1,1,'2025-10-18 08:22:01','2025-10-18 08:22:01'),(197,116,2,1,'2025-10-18 08:22:01','2025-10-18 08:22:01'),(198,117,1,1,'2025-10-18 08:22:01','2025-10-18 08:22:01'),(199,117,2,1,'2025-10-18 08:22:01','2025-10-18 08:22:01'),(200,118,1,1,'2025-10-18 08:22:01','2025-10-18 08:22:01'),(201,118,2,1,'2025-10-18 08:22:01','2025-10-18 08:22:01'),(202,119,1,1,'2025-10-18 08:22:02','2025-10-18 08:22:02'),(203,119,2,1,'2025-10-18 08:22:02','2025-10-18 08:22:02'),(204,120,1,1,'2025-10-18 08:22:02','2025-10-18 08:22:02'),(205,120,2,1,'2025-10-18 08:22:02','2025-10-18 08:22:02'),(206,121,1,1,'2025-10-18 08:22:02','2025-10-18 08:22:02'),(207,121,2,1,'2025-10-18 08:22:02','2025-10-18 08:22:02'),(208,122,1,1,'2025-10-18 08:22:02','2025-10-18 08:22:02'),(209,122,2,1,'2025-10-18 08:22:02','2025-10-18 08:22:02'),(210,123,1,1,'2025-10-18 08:22:02','2025-10-18 08:22:02'),(211,123,2,1,'2025-10-18 08:22:02','2025-10-18 08:22:02'),(212,124,1,1,'2025-10-18 08:22:02','2025-10-18 08:22:02'),(213,124,2,1,'2025-10-18 08:22:02','2025-10-18 08:22:02'),(214,125,1,1,'2025-10-18 08:22:03','2025-10-18 08:22:03'),(215,125,2,1,'2025-10-18 08:22:03','2025-10-18 08:22:03'),(216,126,1,1,'2025-10-18 08:22:03','2025-10-18 08:22:03'),(217,126,2,1,'2025-10-18 08:22:03','2025-10-18 08:22:03'),(218,127,1,1,'2025-10-18 08:22:03','2025-10-18 08:22:03'),(219,127,2,1,'2025-10-18 08:22:03','2025-10-18 08:22:03'),(220,128,1,1,'2025-10-18 08:22:03','2025-10-18 08:22:03'),(221,128,2,1,'2025-10-18 08:22:03','2025-10-18 08:22:03'),(222,129,1,1,'2025-10-18 08:22:03','2025-10-18 08:22:03'),(223,129,2,1,'2025-10-18 08:22:03','2025-10-18 08:22:03'),(224,130,1,1,'2025-10-18 08:22:03','2025-10-18 08:22:03'),(225,130,2,1,'2025-10-18 08:22:03','2025-10-18 08:22:03'),(226,131,1,1,'2025-10-18 08:22:04','2025-10-18 08:22:04'),(227,131,2,1,'2025-10-18 08:22:04','2025-10-18 08:22:04'),(228,132,1,1,'2025-10-18 08:22:04','2025-10-18 08:22:04'),(229,132,2,1,'2025-10-18 08:22:04','2025-10-18 08:22:04'),(230,133,1,1,'2025-10-18 08:22:04','2025-10-18 08:22:04'),(231,133,2,1,'2025-10-18 08:22:04','2025-10-18 08:22:04'),(232,134,1,1,'2025-10-18 08:22:04','2025-10-18 08:22:04'),(233,134,2,1,'2025-10-18 08:22:04','2025-10-18 08:22:04'),(234,135,1,1,'2025-10-18 08:22:04','2025-10-18 08:22:04'),(235,135,2,1,'2025-10-18 08:22:04','2025-10-18 08:22:04'),(236,136,1,1,'2025-10-18 08:22:04','2025-10-18 08:22:04'),(237,136,2,1,'2025-10-18 08:22:04','2025-10-18 08:22:04'),(238,137,1,1,'2025-10-18 08:22:05','2025-10-18 08:22:05'),(239,137,2,1,'2025-10-18 08:22:05','2025-10-18 08:22:05'),(240,138,1,1,'2025-10-18 08:22:05','2025-10-18 08:22:05'),(241,138,2,1,'2025-10-18 08:22:05','2025-10-18 08:22:05'),(242,139,1,1,'2025-10-18 08:22:05','2025-10-18 08:22:05'),(243,139,2,1,'2025-10-18 08:22:05','2025-10-18 08:22:05'),(244,140,1,1,'2025-10-18 08:22:05','2025-10-18 08:22:05'),(245,140,2,1,'2025-10-18 08:22:05','2025-10-18 08:22:05'),(246,141,1,1,'2025-10-18 08:22:05','2025-10-18 08:22:05'),(247,141,2,1,'2025-10-18 08:22:05','2025-10-18 08:22:05'),(248,142,1,1,'2025-10-18 08:22:05','2025-10-18 08:22:05'),(249,142,2,1,'2025-10-18 08:22:05','2025-10-18 08:22:05'),(250,143,1,1,'2025-10-18 08:22:06','2025-10-18 08:22:06'),(251,143,2,1,'2025-10-18 08:22:06','2025-10-18 08:22:06'),(252,144,1,1,'2025-10-18 08:22:07','2025-10-18 08:22:07'),(253,144,2,1,'2025-10-18 08:22:07','2025-10-18 08:22:07'),(254,145,1,1,'2025-10-18 08:22:07','2025-10-18 08:22:07'),(255,145,2,1,'2025-10-18 08:22:07','2025-10-18 08:22:07'),(256,146,1,1,'2025-10-18 08:22:07','2025-10-18 08:22:07'),(257,146,2,1,'2025-10-18 08:22:07','2025-10-18 08:22:07'),(258,147,1,1,'2025-10-18 08:22:07','2025-10-18 08:22:07'),(259,147,2,1,'2025-10-18 08:22:07','2025-10-18 08:22:07'),(280,157,2,1,'2025-10-22 08:35:59','2025-10-22 08:35:59'),(281,163,2,1,'2025-10-22 08:36:57','2025-10-22 08:36:57'),(282,163,3,1,'2025-10-22 08:36:57','2025-10-22 08:36:57'),(283,163,4,1,'2025-10-22 08:36:57','2025-10-22 08:36:57'),(284,164,2,1,'2025-10-22 08:36:58','2025-10-22 08:36:58'),(285,164,3,1,'2025-10-22 08:36:58','2025-10-22 08:36:58'),(286,164,4,1,'2025-10-22 08:36:58','2025-10-22 08:36:58'),(287,165,2,1,'2025-10-22 08:36:59','2025-10-22 08:36:59'),(288,165,3,1,'2025-10-22 08:36:59','2025-10-22 08:36:59'),(289,165,4,1,'2025-10-22 08:36:59','2025-10-22 08:36:59'),(290,166,2,1,'2025-10-22 08:36:59','2025-10-22 08:36:59'),(291,166,3,1,'2025-10-22 08:36:59','2025-10-22 08:36:59'),(292,166,4,1,'2025-10-22 08:36:59','2025-10-22 08:36:59'),(293,167,2,1,'2025-10-22 08:37:00','2025-10-22 08:37:00'),(294,167,3,1,'2025-10-22 08:37:00','2025-10-22 08:37:00'),(295,167,4,1,'2025-10-22 08:37:00','2025-10-22 08:37:00'),(296,168,2,1,'2025-10-22 08:37:01','2025-10-22 08:37:01'),(297,168,3,1,'2025-10-22 08:37:01','2025-10-22 08:37:01'),(298,168,4,1,'2025-10-22 08:37:01','2025-10-22 08:37:01'),(299,169,2,1,'2025-10-22 08:37:01','2025-10-22 08:37:01'),(300,169,3,1,'2025-10-22 08:37:01','2025-10-22 08:37:01'),(301,169,4,1,'2025-10-22 08:37:01','2025-10-22 08:37:01'),(302,170,2,1,'2025-10-22 08:37:01','2025-10-22 08:37:01'),(303,170,3,1,'2025-10-22 08:37:01','2025-10-22 08:37:01'),(304,170,4,1,'2025-10-22 08:37:01','2025-10-22 08:37:01'),(305,171,2,1,'2025-10-22 08:37:01','2025-10-22 08:37:01'),(306,171,3,1,'2025-10-22 08:37:01','2025-10-22 08:37:01'),(307,171,4,1,'2025-10-22 08:37:01','2025-10-22 08:37:01'),(308,172,2,1,'2025-10-22 08:53:40','2025-10-22 08:53:40'),(309,172,3,1,'2025-10-22 08:53:40','2025-10-22 08:53:40'),(310,172,4,1,'2025-10-22 08:53:40','2025-10-22 08:53:40'),(311,173,2,5,'2025-10-22 08:54:08','2025-10-22 08:54:08'),(312,173,2,5,'2025-10-22 08:54:08','2025-10-22 08:54:08'),(313,173,2,5,'2025-10-22 08:54:08','2025-10-22 08:54:08'),(314,174,2,2,'2025-10-22 08:54:16','2025-10-22 08:54:16'),(315,174,3,2,'2025-10-22 08:54:16','2025-10-22 08:54:16'),(316,174,4,2,'2025-10-22 08:54:16','2025-10-22 08:54:16'),(317,175,2,9,'2025-10-22 09:05:22','2025-10-22 09:05:22'),(318,175,3,2,'2025-10-22 09:05:22','2025-10-22 09:05:22'),(319,175,4,2,'2025-10-22 09:05:22','2025-10-22 09:05:22'),(320,176,2,2,'2025-10-22 09:28:52','2025-10-22 09:28:52'),(321,176,3,2,'2025-10-22 09:28:52','2025-10-22 09:28:52'),(322,176,4,2,'2025-10-22 09:28:52','2025-10-22 09:28:52'),(323,176,1,1,'2025-10-22 09:28:52','2025-10-22 09:28:52'),(324,176,2,1,'2025-10-22 09:28:52','2025-10-22 09:28:52'),(325,176,3,1,'2025-10-22 09:28:52','2025-10-22 09:28:52'),(326,176,4,1,'2025-10-22 09:28:52','2025-10-22 09:28:52'),(327,177,2,2,'2025-10-22 09:40:29','2025-10-22 09:40:29'),(328,177,3,2,'2025-10-22 09:40:29','2025-10-22 09:40:29'),(329,177,4,2,'2025-10-22 09:40:29','2025-10-22 09:40:29'),(330,178,2,2,'2025-10-22 09:48:31','2025-10-22 09:48:31'),(331,178,3,2,'2025-10-22 09:48:31','2025-10-22 09:48:31'),(332,178,4,2,'2025-10-22 09:48:31','2025-10-22 09:48:31'),(333,178,3,1,'2025-10-22 09:48:31','2025-10-22 09:48:31'),(334,178,4,1,'2025-10-22 09:48:31','2025-10-22 09:48:31'),(344,181,2,2,'2025-10-22 09:53:15','2025-10-22 09:53:15'),(345,181,3,2,'2025-10-22 09:53:15','2025-10-22 09:53:15'),(346,181,4,2,'2025-10-22 09:53:15','2025-10-22 09:53:15'),(347,181,1,1,'2025-10-22 09:53:15','2025-10-22 09:53:15'),(348,181,2,1,'2025-10-22 09:53:15','2025-10-22 09:53:15'),(349,181,3,1,'2025-10-22 09:53:15','2025-10-22 09:53:15'),(350,181,4,1,'2025-10-22 09:53:15','2025-10-22 09:53:15'),(351,182,2,2,'2025-10-22 09:53:17','2025-10-22 09:53:17'),(352,182,3,2,'2025-10-22 09:53:17','2025-10-22 09:53:17'),(353,182,4,2,'2025-10-22 09:53:17','2025-10-22 09:53:17'),(354,183,2,2,'2025-10-22 09:53:21','2025-10-22 09:53:21'),(355,183,3,2,'2025-10-22 09:53:21','2025-10-22 09:53:21'),(356,183,4,2,'2025-10-22 09:53:21','2025-10-22 09:53:21'),(357,184,2,2,'2025-10-22 09:53:38','2025-10-22 09:53:38'),(358,184,3,2,'2025-10-22 09:53:38','2025-10-22 09:53:38'),(359,184,4,2,'2025-10-22 09:53:38','2025-10-22 09:53:38'),(360,185,2,2,'2025-10-22 09:53:40','2025-10-22 09:53:40'),(361,185,3,2,'2025-10-22 09:53:40','2025-10-22 09:53:40'),(362,185,4,2,'2025-10-22 09:53:40','2025-10-22 09:53:40'),(363,186,2,2,'2025-10-22 09:53:41','2025-10-22 09:53:41'),(364,186,3,2,'2025-10-22 09:53:41','2025-10-22 09:53:41'),(365,186,4,2,'2025-10-22 09:53:41','2025-10-22 09:53:41'),(366,187,2,2,'2025-10-22 09:53:41','2025-10-22 09:53:41'),(367,187,3,2,'2025-10-22 09:53:41','2025-10-22 09:53:41'),(368,187,4,2,'2025-10-22 09:53:41','2025-10-22 09:53:41'),(369,188,2,2,'2025-10-22 09:53:42','2025-10-22 09:53:42'),(370,188,3,2,'2025-10-22 09:53:42','2025-10-22 09:53:42'),(371,188,4,2,'2025-10-22 09:53:42','2025-10-22 09:53:42'),(372,189,2,2,'2025-10-22 09:53:42','2025-10-22 09:53:42'),(373,189,3,2,'2025-10-22 09:53:42','2025-10-22 09:53:42'),(374,189,4,2,'2025-10-22 09:53:42','2025-10-22 09:53:42'),(375,190,2,2,'2025-10-22 09:53:42','2025-10-22 09:53:42'),(376,190,3,2,'2025-10-22 09:53:42','2025-10-22 09:53:42'),(377,190,4,2,'2025-10-22 09:53:42','2025-10-22 09:53:42'),(378,191,2,2,'2025-10-22 09:53:42','2025-10-22 09:53:42'),(379,191,3,2,'2025-10-22 09:53:42','2025-10-22 09:53:42'),(380,191,4,2,'2025-10-22 09:53:42','2025-10-22 09:53:42'),(381,192,2,2,'2025-10-22 09:53:42','2025-10-22 09:53:42'),(382,192,3,2,'2025-10-22 09:53:42','2025-10-22 09:53:42'),(383,192,4,2,'2025-10-22 09:53:42','2025-10-22 09:53:42'),(384,193,2,2,'2025-10-22 09:53:42','2025-10-22 09:53:42'),(385,193,3,2,'2025-10-22 09:53:42','2025-10-22 09:53:42'),(386,193,4,2,'2025-10-22 09:53:42','2025-10-22 09:53:42'),(387,194,2,2,'2025-10-22 09:53:43','2025-10-22 09:53:43'),(388,194,3,2,'2025-10-22 09:53:43','2025-10-22 09:53:43'),(389,194,4,2,'2025-10-22 09:53:43','2025-10-22 09:53:43'),(390,195,2,2,'2025-10-22 09:53:43','2025-10-22 09:53:43'),(391,195,3,2,'2025-10-22 09:53:43','2025-10-22 09:53:43'),(392,195,4,2,'2025-10-22 09:53:43','2025-10-22 09:53:43'),(393,196,2,2,'2025-10-22 09:53:43','2025-10-22 09:53:43'),(394,196,3,2,'2025-10-22 09:53:43','2025-10-22 09:53:43'),(395,196,4,2,'2025-10-22 09:53:43','2025-10-22 09:53:43'),(396,197,2,2,'2025-10-22 09:53:43','2025-10-22 09:53:43'),(397,197,3,2,'2025-10-22 09:53:43','2025-10-22 09:53:43'),(398,197,4,2,'2025-10-22 09:53:43','2025-10-22 09:53:43'),(399,198,2,2,'2025-10-22 09:53:43','2025-10-22 09:53:43'),(400,198,3,2,'2025-10-22 09:53:43','2025-10-22 09:53:43'),(401,198,4,2,'2025-10-22 09:53:43','2025-10-22 09:53:43'),(402,199,2,2,'2025-10-22 09:58:34','2025-10-22 09:58:34'),(403,199,3,2,'2025-10-22 09:58:34','2025-10-22 09:58:34'),(404,199,4,2,'2025-10-22 09:58:34','2025-10-22 09:58:34'),(405,200,2,2,'2025-10-22 09:58:39','2025-10-22 09:58:39'),(406,200,3,2,'2025-10-22 09:58:39','2025-10-22 09:58:39'),(407,200,4,2,'2025-10-22 09:58:39','2025-10-22 09:58:39'),(408,200,1,1,'2025-10-22 09:58:39','2025-10-22 09:58:39'),(409,200,2,1,'2025-10-22 09:58:39','2025-10-22 09:58:39'),(410,200,3,1,'2025-10-22 09:58:39','2025-10-22 09:58:39'),(411,201,2,2,'2025-10-22 09:58:41','2025-10-22 09:58:41'),(412,201,3,2,'2025-10-22 09:58:41','2025-10-22 09:58:41'),(413,201,4,2,'2025-10-22 09:58:41','2025-10-22 09:58:41'),(414,202,2,2,'2025-10-22 09:58:46','2025-10-22 09:58:46'),(415,202,3,2,'2025-10-22 09:58:46','2025-10-22 09:58:46'),(416,202,4,2,'2025-10-22 09:58:46','2025-10-22 09:58:46'),(417,203,2,2,'2025-10-22 09:58:47','2025-10-22 09:58:47'),(418,203,3,2,'2025-10-22 09:58:47','2025-10-22 09:58:47'),(419,203,4,2,'2025-10-22 09:58:47','2025-10-22 09:58:47'),(420,204,2,2,'2025-10-22 09:58:49','2025-10-22 09:58:49'),(421,204,3,2,'2025-10-22 09:58:49','2025-10-22 09:58:49'),(422,204,4,2,'2025-10-22 09:58:49','2025-10-22 09:58:49'),(423,205,2,2,'2025-10-22 09:58:50','2025-10-22 09:58:50'),(424,205,3,2,'2025-10-22 09:58:50','2025-10-22 09:58:50'),(425,205,4,2,'2025-10-22 09:58:50','2025-10-22 09:58:50'),(426,206,2,2,'2025-10-22 10:00:21','2025-10-22 10:00:21'),(427,206,3,2,'2025-10-22 10:00:21','2025-10-22 10:00:21'),(428,206,4,2,'2025-10-22 10:00:21','2025-10-22 10:00:21'),(429,207,2,2,'2025-10-22 10:00:24','2025-10-22 10:00:24'),(430,207,3,2,'2025-10-22 10:00:24','2025-10-22 10:00:24'),(431,207,4,2,'2025-10-22 10:00:24','2025-10-22 10:00:24'),(432,207,3,1,'2025-10-22 10:00:24','2025-10-22 10:00:24'),(433,208,2,2,'2025-10-22 10:00:25','2025-10-22 10:00:25'),(434,208,3,2,'2025-10-22 10:00:25','2025-10-22 10:00:25'),(435,208,4,2,'2025-10-22 10:00:25','2025-10-22 10:00:25'),(436,208,3,1,'2025-10-22 10:00:25','2025-10-22 10:00:25'),(437,209,2,2,'2025-10-22 10:00:26','2025-10-22 10:00:26'),(438,209,3,2,'2025-10-22 10:00:26','2025-10-22 10:00:26'),(439,209,4,2,'2025-10-22 10:00:26','2025-10-22 10:00:26'),(440,210,2,2,'2025-10-22 10:02:12','2025-10-22 10:02:12'),(441,210,3,2,'2025-10-22 10:02:12','2025-10-22 10:02:12'),(442,210,4,2,'2025-10-22 10:02:12','2025-10-22 10:02:12'),(443,211,2,2,'2025-10-22 10:02:16','2025-10-22 10:02:16'),(444,211,3,2,'2025-10-22 10:02:16','2025-10-22 10:02:16'),(445,211,4,2,'2025-10-22 10:02:16','2025-10-22 10:02:16'),(446,212,2,2,'2025-10-22 10:02:19','2025-10-22 10:02:19'),(447,212,3,2,'2025-10-22 10:02:19','2025-10-22 10:02:19'),(448,212,4,2,'2025-10-22 10:02:19','2025-10-22 10:02:19'),(449,213,2,2,'2025-10-22 10:02:20','2025-10-22 10:02:20'),(450,213,3,2,'2025-10-22 10:02:20','2025-10-22 10:02:20'),(451,213,4,2,'2025-10-22 10:02:20','2025-10-22 10:02:20'),(452,214,2,2,'2025-10-22 10:02:20','2025-10-22 10:02:20'),(453,214,3,2,'2025-10-22 10:02:20','2025-10-22 10:02:20'),(454,214,4,2,'2025-10-22 10:02:20','2025-10-22 10:02:20'),(455,215,2,2,'2025-10-22 10:02:20','2025-10-22 10:02:20'),(456,215,3,2,'2025-10-22 10:02:20','2025-10-22 10:02:20'),(457,215,4,2,'2025-10-22 10:02:20','2025-10-22 10:02:20'),(458,216,2,2,'2025-10-22 10:02:22','2025-10-22 10:02:22'),(459,216,3,2,'2025-10-22 10:02:22','2025-10-22 10:02:22'),(460,216,4,2,'2025-10-22 10:02:22','2025-10-22 10:02:22'),(461,217,2,2,'2025-10-22 10:02:23','2025-10-22 10:02:23'),(462,217,3,2,'2025-10-22 10:02:23','2025-10-22 10:02:23'),(463,217,4,2,'2025-10-22 10:02:23','2025-10-22 10:02:23'),(464,218,2,2,'2025-10-22 10:02:24','2025-10-22 10:02:24'),(465,218,3,2,'2025-10-22 10:02:24','2025-10-22 10:02:24'),(466,218,4,2,'2025-10-22 10:02:24','2025-10-22 10:02:24'),(467,219,2,2,'2025-10-22 10:02:26','2025-10-22 10:02:26'),(468,219,3,2,'2025-10-22 10:02:26','2025-10-22 10:02:26'),(469,219,4,2,'2025-10-22 10:02:26','2025-10-22 10:02:26'),(470,220,3,2,'2025-10-22 10:02:32','2025-10-22 10:02:32'),(471,220,4,2,'2025-10-22 10:02:32','2025-10-22 10:02:32'),(472,221,3,2,'2025-10-22 10:02:32','2025-10-22 10:02:32'),(473,221,4,2,'2025-10-22 10:02:32','2025-10-22 10:02:32'),(474,222,2,2,'2025-10-22 10:02:40','2025-10-22 10:02:40'),(475,222,3,2,'2025-10-22 10:02:40','2025-10-22 10:02:40'),(476,222,4,2,'2025-10-22 10:02:40','2025-10-22 10:02:40'),(477,223,2,2,'2025-10-22 10:02:44','2025-10-22 10:02:44'),(478,223,3,2,'2025-10-22 10:02:44','2025-10-22 10:02:44'),(479,223,4,2,'2025-10-22 10:02:44','2025-10-22 10:02:44'),(480,223,1,1,'2025-10-22 10:02:44','2025-10-22 10:02:44'),(481,224,2,2,'2025-10-22 10:03:19','2025-10-22 10:03:19'),(482,224,3,2,'2025-10-22 10:03:19','2025-10-22 10:03:19'),(483,224,4,2,'2025-10-22 10:03:19','2025-10-22 10:03:19'),(484,225,2,2,'2025-10-22 10:03:22','2025-10-22 10:03:22'),(485,225,3,2,'2025-10-22 10:03:22','2025-10-22 10:03:22'),(486,225,4,2,'2025-10-22 10:03:22','2025-10-22 10:03:22'),(487,226,2,2,'2025-10-22 10:03:29','2025-10-22 10:03:29'),(488,226,3,2,'2025-10-22 10:03:29','2025-10-22 10:03:29'),(489,226,4,2,'2025-10-22 10:03:29','2025-10-22 10:03:29'),(490,226,3,1,'2025-10-22 10:03:29','2025-10-22 10:03:29'),(491,227,2,2,'2025-10-22 10:03:30','2025-10-22 10:03:30'),(492,227,3,2,'2025-10-22 10:03:30','2025-10-22 10:03:30'),(493,227,4,2,'2025-10-22 10:03:30','2025-10-22 10:03:30'),(494,228,2,2,'2025-10-22 10:05:09','2025-10-22 10:05:09'),(495,228,3,2,'2025-10-22 10:05:09','2025-10-22 10:05:09'),(496,228,4,2,'2025-10-22 10:05:09','2025-10-22 10:05:09'),(497,229,2,2,'2025-10-22 10:05:10','2025-10-22 10:05:10'),(498,229,3,2,'2025-10-22 10:05:10','2025-10-22 10:05:10'),(499,229,4,2,'2025-10-22 10:05:10','2025-10-22 10:05:10'),(500,230,2,2,'2025-10-22 10:05:14','2025-10-22 10:05:14'),(501,230,3,2,'2025-10-22 10:05:14','2025-10-22 10:05:14'),(502,230,4,2,'2025-10-22 10:05:14','2025-10-22 10:05:14'),(503,230,1,1,'2025-10-22 10:05:14','2025-10-22 10:05:14'),(504,230,2,1,'2025-10-22 10:05:14','2025-10-22 10:05:14'),(505,230,3,1,'2025-10-22 10:05:14','2025-10-22 10:05:14'),(506,230,4,1,'2025-10-22 10:05:14','2025-10-22 10:05:14'),(514,231,2,2,'2025-10-22 10:09:10','2025-10-22 10:09:10'),(515,231,3,2,'2025-10-22 10:09:10','2025-10-22 10:09:10'),(516,231,4,2,'2025-10-22 10:09:10','2025-10-22 10:09:10'),(517,231,1,1,'2025-10-22 10:09:10','2025-10-22 10:09:10'),(518,231,2,1,'2025-10-22 10:09:10','2025-10-22 10:09:10'),(519,231,3,1,'2025-10-22 10:09:10','2025-10-22 10:09:10'),(520,231,4,1,'2025-10-22 10:09:10','2025-10-22 10:09:10'),(521,232,2,2,'2025-10-22 10:09:11','2025-10-22 10:09:11'),(522,232,3,2,'2025-10-22 10:09:11','2025-10-22 10:09:11'),(523,232,4,2,'2025-10-22 10:09:11','2025-10-22 10:09:11'),(524,232,1,1,'2025-10-22 10:09:11','2025-10-22 10:09:11'),(525,232,2,1,'2025-10-22 10:09:11','2025-10-22 10:09:11'),(526,232,3,1,'2025-10-22 10:09:11','2025-10-22 10:09:11'),(527,232,4,1,'2025-10-22 10:09:11','2025-10-22 10:09:11'),(528,233,2,2,'2025-10-22 10:09:11','2025-10-22 10:09:11'),(529,233,3,2,'2025-10-22 10:09:11','2025-10-22 10:09:11'),(530,233,4,2,'2025-10-22 10:09:11','2025-10-22 10:09:11'),(531,233,1,1,'2025-10-22 10:09:11','2025-10-22 10:09:11'),(532,233,2,1,'2025-10-22 10:09:11','2025-10-22 10:09:11'),(533,233,3,1,'2025-10-22 10:09:11','2025-10-22 10:09:11'),(534,233,4,1,'2025-10-22 10:09:11','2025-10-22 10:09:11'),(535,234,2,2,'2025-10-22 10:09:12','2025-10-22 10:09:12'),(536,234,3,2,'2025-10-22 10:09:12','2025-10-22 10:09:12'),(537,234,4,2,'2025-10-22 10:09:12','2025-10-22 10:09:12'),(538,234,1,1,'2025-10-22 10:09:12','2025-10-22 10:09:12'),(539,234,2,1,'2025-10-22 10:09:12','2025-10-22 10:09:12'),(540,234,3,1,'2025-10-22 10:09:12','2025-10-22 10:09:12'),(541,234,4,1,'2025-10-22 10:09:12','2025-10-22 10:09:12'),(542,235,2,2,'2025-10-22 10:09:18','2025-10-22 10:09:18'),(543,235,3,2,'2025-10-22 10:09:18','2025-10-22 10:09:18'),(544,235,4,2,'2025-10-22 10:09:18','2025-10-22 10:09:18'),(545,235,1,1,'2025-10-22 10:09:18','2025-10-22 10:09:18'),(546,235,2,1,'2025-10-22 10:09:18','2025-10-22 10:09:18'),(547,235,3,1,'2025-10-22 10:09:18','2025-10-22 10:09:18'),(548,236,2,2,'2025-10-22 10:09:51','2025-10-22 10:09:51'),(549,236,3,2,'2025-10-22 10:09:51','2025-10-22 10:09:51'),(550,236,4,2,'2025-10-22 10:09:51','2025-10-22 10:09:51'),(551,236,1,1,'2025-10-22 10:09:51','2025-10-22 10:09:51'),(552,236,2,1,'2025-10-22 10:09:51','2025-10-22 10:09:51'),(553,236,3,1,'2025-10-22 10:09:51','2025-10-22 10:09:51'),(554,236,4,1,'2025-10-22 10:09:51','2025-10-22 10:09:51'),(555,236,1,1,'2025-10-22 10:09:51','2025-10-22 10:09:51'),(556,237,2,2,'2025-10-22 10:09:52','2025-10-22 10:09:52'),(557,237,3,2,'2025-10-22 10:09:52','2025-10-22 10:09:52'),(558,237,4,2,'2025-10-22 10:09:52','2025-10-22 10:09:52'),(559,237,1,1,'2025-10-22 10:09:52','2025-10-22 10:09:52'),(560,237,2,1,'2025-10-22 10:09:52','2025-10-22 10:09:52'),(561,237,3,1,'2025-10-22 10:09:52','2025-10-22 10:09:52'),(562,237,4,1,'2025-10-22 10:09:52','2025-10-22 10:09:52'),(563,237,1,1,'2025-10-22 10:09:52','2025-10-22 10:09:52'),(564,238,2,2,'2025-10-22 10:09:53','2025-10-22 10:09:53'),(565,238,3,2,'2025-10-22 10:09:53','2025-10-22 10:09:53'),(566,238,4,2,'2025-10-22 10:09:53','2025-10-22 10:09:53'),(567,238,1,1,'2025-10-22 10:09:53','2025-10-22 10:09:53'),(568,238,2,1,'2025-10-22 10:09:53','2025-10-22 10:09:53'),(569,238,3,1,'2025-10-22 10:09:53','2025-10-22 10:09:53'),(570,238,4,1,'2025-10-22 10:09:53','2025-10-22 10:09:53'),(571,238,1,1,'2025-10-22 10:09:53','2025-10-22 10:09:53'),(572,239,2,2,'2025-10-22 10:09:53','2025-10-22 10:09:53'),(573,239,3,2,'2025-10-22 10:09:53','2025-10-22 10:09:53'),(574,239,4,2,'2025-10-22 10:09:53','2025-10-22 10:09:53'),(575,239,1,1,'2025-10-22 10:09:53','2025-10-22 10:09:53'),(576,239,2,1,'2025-10-22 10:09:53','2025-10-22 10:09:53'),(577,239,3,1,'2025-10-22 10:09:53','2025-10-22 10:09:53'),(578,239,4,1,'2025-10-22 10:09:53','2025-10-22 10:09:53'),(579,239,1,1,'2025-10-22 10:09:53','2025-10-22 10:09:53'),(580,240,2,2,'2025-10-22 10:09:53','2025-10-22 10:09:53'),(581,240,3,2,'2025-10-22 10:09:53','2025-10-22 10:09:53'),(582,240,4,2,'2025-10-22 10:09:53','2025-10-22 10:09:53'),(583,240,1,1,'2025-10-22 10:09:53','2025-10-22 10:09:53'),(584,240,2,1,'2025-10-22 10:09:53','2025-10-22 10:09:53'),(585,240,3,1,'2025-10-22 10:09:53','2025-10-22 10:09:53'),(586,240,4,1,'2025-10-22 10:09:53','2025-10-22 10:09:53'),(587,240,1,1,'2025-10-22 10:09:53','2025-10-22 10:09:53'),(588,241,2,2,'2025-10-22 10:09:53','2025-10-22 10:09:53'),(589,241,3,2,'2025-10-22 10:09:53','2025-10-22 10:09:53'),(590,241,4,2,'2025-10-22 10:09:53','2025-10-22 10:09:53'),(591,241,1,1,'2025-10-22 10:09:53','2025-10-22 10:09:53'),(592,241,2,1,'2025-10-22 10:09:53','2025-10-22 10:09:53'),(593,241,3,1,'2025-10-22 10:09:53','2025-10-22 10:09:53'),(594,241,4,1,'2025-10-22 10:09:53','2025-10-22 10:09:53'),(595,241,1,1,'2025-10-22 10:09:53','2025-10-22 10:09:53'),(596,242,2,2,'2025-10-22 10:09:53','2025-10-22 10:09:53'),(597,242,3,2,'2025-10-22 10:09:53','2025-10-22 10:09:53'),(598,242,4,2,'2025-10-22 10:09:53','2025-10-22 10:09:53'),(599,242,1,1,'2025-10-22 10:09:53','2025-10-22 10:09:53'),(600,242,2,1,'2025-10-22 10:09:53','2025-10-22 10:09:53'),(601,242,3,1,'2025-10-22 10:09:53','2025-10-22 10:09:53'),(602,242,4,1,'2025-10-22 10:09:53','2025-10-22 10:09:53'),(603,242,1,1,'2025-10-22 10:09:53','2025-10-22 10:09:53'),(604,243,2,2,'2025-10-22 10:09:53','2025-10-22 10:09:53'),(605,243,3,2,'2025-10-22 10:09:53','2025-10-22 10:09:53'),(606,243,4,2,'2025-10-22 10:09:53','2025-10-22 10:09:53'),(607,243,1,1,'2025-10-22 10:09:53','2025-10-22 10:09:53'),(608,243,2,1,'2025-10-22 10:09:53','2025-10-22 10:09:53'),(609,243,3,1,'2025-10-22 10:09:53','2025-10-22 10:09:53'),(610,243,4,1,'2025-10-22 10:09:53','2025-10-22 10:09:53'),(611,243,1,1,'2025-10-22 10:09:53','2025-10-22 10:09:53'),(612,245,2,2,'2025-10-22 10:13:36','2025-10-22 10:13:36'),(613,245,3,2,'2025-10-22 10:13:36','2025-10-22 10:13:36'),(614,245,4,2,'2025-10-22 10:13:36','2025-10-22 10:13:36'),(615,245,1,1,'2025-10-22 10:13:36','2025-10-22 10:13:36'),(616,245,2,1,'2025-10-22 10:13:36','2025-10-22 10:13:36'),(617,245,3,1,'2025-10-22 10:13:36','2025-10-22 10:13:36'),(618,245,4,1,'2025-10-22 10:13:36','2025-10-22 10:13:36'),(619,245,1,1,'2025-10-22 10:13:36','2025-10-22 10:13:36'),(620,246,2,2,'2025-10-22 10:13:37','2025-10-22 10:13:37'),(621,246,3,2,'2025-10-22 10:13:37','2025-10-22 10:13:37'),(622,246,4,2,'2025-10-22 10:13:37','2025-10-22 10:13:37'),(623,246,1,1,'2025-10-22 10:13:37','2025-10-22 10:13:37'),(624,246,2,1,'2025-10-22 10:13:37','2025-10-22 10:13:37'),(625,246,3,1,'2025-10-22 10:13:37','2025-10-22 10:13:37'),(626,246,4,1,'2025-10-22 10:13:37','2025-10-22 10:13:37'),(627,246,1,1,'2025-10-22 10:13:37','2025-10-22 10:13:37'),(628,247,2,2,'2025-10-22 10:13:38','2025-10-22 10:13:38'),(629,247,3,2,'2025-10-22 10:13:38','2025-10-22 10:13:38'),(630,247,4,2,'2025-10-22 10:13:38','2025-10-22 10:13:38'),(631,247,1,1,'2025-10-22 10:13:38','2025-10-22 10:13:38'),(632,247,2,1,'2025-10-22 10:13:38','2025-10-22 10:13:38'),(633,247,3,1,'2025-10-22 10:13:38','2025-10-22 10:13:38'),(634,247,4,1,'2025-10-22 10:13:38','2025-10-22 10:13:38'),(635,247,1,1,'2025-10-22 10:13:38','2025-10-22 10:13:38'),(636,248,2,2,'2025-10-22 10:13:38','2025-10-22 10:13:38'),(637,248,3,2,'2025-10-22 10:13:38','2025-10-22 10:13:38'),(638,248,4,2,'2025-10-22 10:13:38','2025-10-22 10:13:38'),(639,248,1,1,'2025-10-22 10:13:38','2025-10-22 10:13:38'),(640,248,2,1,'2025-10-22 10:13:38','2025-10-22 10:13:38'),(641,248,3,1,'2025-10-22 10:13:38','2025-10-22 10:13:38'),(642,248,4,1,'2025-10-22 10:13:38','2025-10-22 10:13:38'),(643,248,1,1,'2025-10-22 10:13:38','2025-10-22 10:13:38'),(644,249,2,2,'2025-10-22 10:13:38','2025-10-22 10:13:38'),(645,249,3,2,'2025-10-22 10:13:38','2025-10-22 10:13:38'),(646,249,4,2,'2025-10-22 10:13:38','2025-10-22 10:13:38'),(647,249,1,1,'2025-10-22 10:13:38','2025-10-22 10:13:38'),(648,249,2,1,'2025-10-22 10:13:38','2025-10-22 10:13:38'),(649,249,3,1,'2025-10-22 10:13:38','2025-10-22 10:13:38'),(650,249,4,1,'2025-10-22 10:13:38','2025-10-22 10:13:38'),(651,249,1,1,'2025-10-22 10:13:38','2025-10-22 10:13:38'),(652,250,2,2,'2025-10-22 10:13:38','2025-10-22 10:13:38'),(653,250,3,2,'2025-10-22 10:13:38','2025-10-22 10:13:38'),(654,250,4,2,'2025-10-22 10:13:38','2025-10-22 10:13:38'),(655,250,1,1,'2025-10-22 10:13:38','2025-10-22 10:13:38'),(656,250,2,1,'2025-10-22 10:13:38','2025-10-22 10:13:38'),(657,250,3,1,'2025-10-22 10:13:38','2025-10-22 10:13:38'),(658,250,4,1,'2025-10-22 10:13:38','2025-10-22 10:13:38'),(659,250,1,1,'2025-10-22 10:13:38','2025-10-22 10:13:38'),(660,251,2,2,'2025-10-22 10:13:38','2025-10-22 10:13:38'),(661,251,3,2,'2025-10-22 10:13:38','2025-10-22 10:13:38'),(662,251,4,2,'2025-10-22 10:13:38','2025-10-22 10:13:38'),(663,251,1,1,'2025-10-22 10:13:38','2025-10-22 10:13:38'),(664,251,2,1,'2025-10-22 10:13:38','2025-10-22 10:13:38'),(665,251,3,1,'2025-10-22 10:13:38','2025-10-22 10:13:38'),(666,251,4,1,'2025-10-22 10:13:38','2025-10-22 10:13:38'),(667,251,1,1,'2025-10-22 10:13:38','2025-10-22 10:13:38'),(668,252,2,2,'2025-10-22 10:13:39','2025-10-22 10:13:39'),(669,252,3,2,'2025-10-22 10:13:39','2025-10-22 10:13:39'),(670,252,4,2,'2025-10-22 10:13:39','2025-10-22 10:13:39'),(671,252,1,1,'2025-10-22 10:13:39','2025-10-22 10:13:39'),(672,252,2,1,'2025-10-22 10:13:39','2025-10-22 10:13:39'),(673,252,3,1,'2025-10-22 10:13:39','2025-10-22 10:13:39'),(674,252,4,1,'2025-10-22 10:13:39','2025-10-22 10:13:39'),(675,252,1,1,'2025-10-22 10:13:39','2025-10-22 10:13:39'),(676,253,2,2,'2025-10-22 10:13:39','2025-10-22 10:13:39'),(677,253,3,2,'2025-10-22 10:13:39','2025-10-22 10:13:39'),(678,253,4,2,'2025-10-22 10:13:39','2025-10-22 10:13:39'),(679,253,1,1,'2025-10-22 10:13:39','2025-10-22 10:13:39'),(680,253,2,1,'2025-10-22 10:13:39','2025-10-22 10:13:39'),(681,253,3,1,'2025-10-22 10:13:39','2025-10-22 10:13:39'),(682,253,4,1,'2025-10-22 10:13:39','2025-10-22 10:13:39'),(683,253,1,1,'2025-10-22 10:13:39','2025-10-22 10:13:39'),(684,254,2,2,'2025-10-22 10:13:39','2025-10-22 10:13:39'),(685,254,3,2,'2025-10-22 10:13:39','2025-10-22 10:13:39'),(686,254,4,2,'2025-10-22 10:13:39','2025-10-22 10:13:39'),(687,254,1,1,'2025-10-22 10:13:39','2025-10-22 10:13:39'),(688,254,2,1,'2025-10-22 10:13:39','2025-10-22 10:13:39'),(689,254,3,1,'2025-10-22 10:13:39','2025-10-22 10:13:39'),(690,254,4,1,'2025-10-22 10:13:39','2025-10-22 10:13:39'),(691,254,1,1,'2025-10-22 10:13:39','2025-10-22 10:13:39'),(692,255,2,2,'2025-10-22 10:13:39','2025-10-22 10:13:39'),(693,255,3,2,'2025-10-22 10:13:39','2025-10-22 10:13:39'),(694,255,4,2,'2025-10-22 10:13:39','2025-10-22 10:13:39'),(695,255,1,1,'2025-10-22 10:13:39','2025-10-22 10:13:39'),(696,255,2,1,'2025-10-22 10:13:39','2025-10-22 10:13:39'),(697,255,3,1,'2025-10-22 10:13:39','2025-10-22 10:13:39'),(698,255,4,1,'2025-10-22 10:13:39','2025-10-22 10:13:39'),(699,255,1,1,'2025-10-22 10:13:39','2025-10-22 10:13:39'),(700,256,2,2,'2025-10-22 10:13:39','2025-10-22 10:13:39'),(701,256,3,2,'2025-10-22 10:13:39','2025-10-22 10:13:39'),(702,256,4,2,'2025-10-22 10:13:39','2025-10-22 10:13:39'),(703,256,1,1,'2025-10-22 10:13:39','2025-10-22 10:13:39'),(704,256,2,1,'2025-10-22 10:13:39','2025-10-22 10:13:39'),(705,256,3,1,'2025-10-22 10:13:39','2025-10-22 10:13:39'),(706,256,4,1,'2025-10-22 10:13:39','2025-10-22 10:13:39'),(707,256,1,1,'2025-10-22 10:13:39','2025-10-22 10:13:39'),(708,257,2,2,'2025-10-22 10:13:40','2025-10-22 10:13:40'),(709,257,3,2,'2025-10-22 10:13:40','2025-10-22 10:13:40'),(710,257,4,2,'2025-10-22 10:13:40','2025-10-22 10:13:40'),(711,257,1,1,'2025-10-22 10:13:40','2025-10-22 10:13:40'),(712,257,2,1,'2025-10-22 10:13:40','2025-10-22 10:13:40'),(713,257,3,1,'2025-10-22 10:13:40','2025-10-22 10:13:40'),(714,257,4,1,'2025-10-22 10:13:40','2025-10-22 10:13:40'),(715,257,1,1,'2025-10-22 10:13:40','2025-10-22 10:13:40'),(716,258,2,2,'2025-10-22 10:13:42','2025-10-22 10:13:42'),(717,258,3,2,'2025-10-22 10:13:42','2025-10-22 10:13:42'),(718,258,4,2,'2025-10-22 10:13:42','2025-10-22 10:13:42'),(719,258,1,1,'2025-10-22 10:13:42','2025-10-22 10:13:42'),(720,258,2,1,'2025-10-22 10:13:42','2025-10-22 10:13:42'),(721,258,3,1,'2025-10-22 10:13:42','2025-10-22 10:13:42'),(722,258,4,1,'2025-10-22 10:13:42','2025-10-22 10:13:42'),(723,258,1,1,'2025-10-22 10:13:42','2025-10-22 10:13:42'),(724,259,2,2,'2025-10-22 10:13:56','2025-10-22 10:13:56'),(725,259,3,2,'2025-10-22 10:13:56','2025-10-22 10:13:56'),(726,259,4,2,'2025-10-22 10:13:56','2025-10-22 10:13:56'),(727,259,1,1,'2025-10-22 10:13:56','2025-10-22 10:13:56'),(728,259,2,1,'2025-10-22 10:13:56','2025-10-22 10:13:56'),(729,259,3,1,'2025-10-22 10:13:56','2025-10-22 10:13:56'),(730,259,4,1,'2025-10-22 10:13:56','2025-10-22 10:13:56'),(731,259,1,1,'2025-10-22 10:13:56','2025-10-22 10:13:56'),(732,260,2,2,'2025-10-22 10:16:04','2025-10-22 10:16:04'),(733,260,3,2,'2025-10-22 10:16:04','2025-10-22 10:16:04'),(734,260,4,2,'2025-10-22 10:16:04','2025-10-22 10:16:04'),(735,260,1,1,'2025-10-22 10:16:04','2025-10-22 10:16:04'),(736,260,2,1,'2025-10-22 10:16:04','2025-10-22 10:16:04'),(737,260,3,1,'2025-10-22 10:16:04','2025-10-22 10:16:04'),(738,260,4,1,'2025-10-22 10:16:04','2025-10-22 10:16:04'),(739,261,2,2,'2025-10-22 10:16:05','2025-10-22 10:16:05'),(740,261,3,2,'2025-10-22 10:16:05','2025-10-22 10:16:05'),(741,261,4,2,'2025-10-22 10:16:05','2025-10-22 10:16:05'),(742,261,1,1,'2025-10-22 10:16:05','2025-10-22 10:16:05'),(743,261,2,1,'2025-10-22 10:16:05','2025-10-22 10:16:05'),(744,261,3,1,'2025-10-22 10:16:05','2025-10-22 10:16:05'),(745,261,4,1,'2025-10-22 10:16:05','2025-10-22 10:16:05'),(746,262,2,2,'2025-10-22 10:16:06','2025-10-22 10:16:06'),(747,262,3,2,'2025-10-22 10:16:06','2025-10-22 10:16:06'),(748,262,4,2,'2025-10-22 10:16:06','2025-10-22 10:16:06'),(749,262,1,1,'2025-10-22 10:16:06','2025-10-22 10:16:06'),(750,262,2,1,'2025-10-22 10:16:06','2025-10-22 10:16:06'),(751,262,3,1,'2025-10-22 10:16:06','2025-10-22 10:16:06'),(752,262,4,1,'2025-10-22 10:16:06','2025-10-22 10:16:06'),(753,263,2,2,'2025-10-22 10:16:07','2025-10-22 10:16:07'),(754,263,3,2,'2025-10-22 10:16:07','2025-10-22 10:16:07'),(755,263,4,2,'2025-10-22 10:16:07','2025-10-22 10:16:07'),(756,263,1,1,'2025-10-22 10:16:07','2025-10-22 10:16:07'),(757,263,2,1,'2025-10-22 10:16:07','2025-10-22 10:16:07'),(758,263,3,1,'2025-10-22 10:16:07','2025-10-22 10:16:07'),(759,263,4,1,'2025-10-22 10:16:07','2025-10-22 10:16:07'),(760,264,2,2,'2025-10-22 10:16:08','2025-10-22 10:16:08'),(761,264,3,2,'2025-10-22 10:16:08','2025-10-22 10:16:08'),(762,264,4,2,'2025-10-22 10:16:08','2025-10-22 10:16:08'),(763,264,1,1,'2025-10-22 10:16:08','2025-10-22 10:16:08'),(764,264,2,1,'2025-10-22 10:16:08','2025-10-22 10:16:08'),(765,264,3,1,'2025-10-22 10:16:08','2025-10-22 10:16:08'),(766,264,4,1,'2025-10-22 10:16:08','2025-10-22 10:16:08'),(767,265,2,2,'2025-10-22 10:16:08','2025-10-22 10:16:08'),(768,265,3,2,'2025-10-22 10:16:08','2025-10-22 10:16:08'),(769,265,4,2,'2025-10-22 10:16:08','2025-10-22 10:16:08'),(770,265,1,1,'2025-10-22 10:16:08','2025-10-22 10:16:08'),(771,265,2,1,'2025-10-22 10:16:08','2025-10-22 10:16:08'),(772,265,3,1,'2025-10-22 10:16:08','2025-10-22 10:16:08'),(773,265,4,1,'2025-10-22 10:16:08','2025-10-22 10:16:08'),(774,266,2,2,'2025-10-22 10:16:08','2025-10-22 10:16:08'),(775,266,3,2,'2025-10-22 10:16:08','2025-10-22 10:16:08'),(776,266,4,2,'2025-10-22 10:16:08','2025-10-22 10:16:08'),(777,266,1,1,'2025-10-22 10:16:08','2025-10-22 10:16:08'),(778,266,2,1,'2025-10-22 10:16:08','2025-10-22 10:16:08'),(779,266,3,1,'2025-10-22 10:16:08','2025-10-22 10:16:08'),(780,266,4,1,'2025-10-22 10:16:08','2025-10-22 10:16:08'),(781,267,2,2,'2025-10-22 10:16:08','2025-10-22 10:16:08'),(782,267,3,2,'2025-10-22 10:16:08','2025-10-22 10:16:08'),(783,267,4,2,'2025-10-22 10:16:08','2025-10-22 10:16:08'),(784,267,1,1,'2025-10-22 10:16:08','2025-10-22 10:16:08'),(785,267,2,1,'2025-10-22 10:16:08','2025-10-22 10:16:08'),(786,267,3,1,'2025-10-22 10:16:08','2025-10-22 10:16:08'),(787,267,4,1,'2025-10-22 10:16:08','2025-10-22 10:16:08'),(788,268,2,2,'2025-10-22 10:16:08','2025-10-22 10:16:08'),(789,268,3,2,'2025-10-22 10:16:08','2025-10-22 10:16:08'),(790,268,4,2,'2025-10-22 10:16:08','2025-10-22 10:16:08'),(791,268,1,1,'2025-10-22 10:16:08','2025-10-22 10:16:08'),(792,268,2,1,'2025-10-22 10:16:08','2025-10-22 10:16:08'),(793,268,3,1,'2025-10-22 10:16:08','2025-10-22 10:16:08'),(794,268,4,1,'2025-10-22 10:16:08','2025-10-22 10:16:08'),(795,269,2,2,'2025-10-22 10:16:08','2025-10-22 10:16:08'),(796,269,3,2,'2025-10-22 10:16:08','2025-10-22 10:16:08'),(797,269,4,2,'2025-10-22 10:16:08','2025-10-22 10:16:08'),(798,269,1,1,'2025-10-22 10:16:08','2025-10-22 10:16:08'),(799,269,2,1,'2025-10-22 10:16:09','2025-10-22 10:16:09'),(800,269,3,1,'2025-10-22 10:16:09','2025-10-22 10:16:09'),(801,269,4,1,'2025-10-22 10:16:09','2025-10-22 10:16:09'),(802,270,2,2,'2025-10-22 10:16:09','2025-10-22 10:16:09'),(803,270,3,2,'2025-10-22 10:16:09','2025-10-22 10:16:09'),(804,270,4,2,'2025-10-22 10:16:09','2025-10-22 10:16:09'),(805,270,1,1,'2025-10-22 10:16:09','2025-10-22 10:16:09'),(806,270,2,1,'2025-10-22 10:16:09','2025-10-22 10:16:09'),(807,270,3,1,'2025-10-22 10:16:09','2025-10-22 10:16:09'),(808,270,4,1,'2025-10-22 10:16:09','2025-10-22 10:16:09'),(809,271,2,2,'2025-10-22 10:16:09','2025-10-22 10:16:09'),(810,271,3,2,'2025-10-22 10:16:09','2025-10-22 10:16:09'),(811,271,4,2,'2025-10-22 10:16:09','2025-10-22 10:16:09'),(812,271,1,1,'2025-10-22 10:16:09','2025-10-22 10:16:09'),(813,271,2,1,'2025-10-22 10:16:09','2025-10-22 10:16:09'),(814,271,3,1,'2025-10-22 10:16:09','2025-10-22 10:16:09'),(815,271,4,1,'2025-10-22 10:16:09','2025-10-22 10:16:09'),(816,272,2,2,'2025-10-22 10:16:09','2025-10-22 10:16:09'),(817,272,3,2,'2025-10-22 10:16:09','2025-10-22 10:16:09'),(818,272,4,2,'2025-10-22 10:16:09','2025-10-22 10:16:09'),(819,272,1,1,'2025-10-22 10:16:09','2025-10-22 10:16:09'),(820,272,2,1,'2025-10-22 10:16:09','2025-10-22 10:16:09'),(821,272,3,1,'2025-10-22 10:16:09','2025-10-22 10:16:09'),(822,272,4,1,'2025-10-22 10:16:09','2025-10-22 10:16:09'),(823,273,2,2,'2025-10-22 10:16:09','2025-10-22 10:16:09'),(824,273,3,2,'2025-10-22 10:16:09','2025-10-22 10:16:09'),(825,273,4,2,'2025-10-22 10:16:09','2025-10-22 10:16:09'),(826,273,1,1,'2025-10-22 10:16:09','2025-10-22 10:16:09'),(827,273,2,1,'2025-10-22 10:16:09','2025-10-22 10:16:09'),(828,273,3,1,'2025-10-22 10:16:09','2025-10-22 10:16:09'),(829,273,4,1,'2025-10-22 10:16:09','2025-10-22 10:16:09'),(830,274,2,2,'2025-10-22 10:16:10','2025-10-22 10:16:10'),(831,274,3,2,'2025-10-22 10:16:10','2025-10-22 10:16:10'),(832,274,4,2,'2025-10-22 10:16:10','2025-10-22 10:16:10'),(833,274,1,1,'2025-10-22 10:16:10','2025-10-22 10:16:10'),(834,274,2,1,'2025-10-22 10:16:10','2025-10-22 10:16:10'),(835,274,3,1,'2025-10-22 10:16:10','2025-10-22 10:16:10'),(836,274,4,1,'2025-10-22 10:16:10','2025-10-22 10:16:10'),(837,275,2,2,'2025-10-22 10:16:10','2025-10-22 10:16:10'),(838,275,3,2,'2025-10-22 10:16:10','2025-10-22 10:16:10'),(839,275,4,2,'2025-10-22 10:16:10','2025-10-22 10:16:10'),(840,275,1,1,'2025-10-22 10:16:10','2025-10-22 10:16:10'),(841,275,2,1,'2025-10-22 10:16:10','2025-10-22 10:16:10'),(842,275,3,1,'2025-10-22 10:16:10','2025-10-22 10:16:10'),(843,275,4,1,'2025-10-22 10:16:10','2025-10-22 10:16:10'),(844,276,2,2,'2025-10-22 10:16:10','2025-10-22 10:16:10'),(845,276,3,2,'2025-10-22 10:16:10','2025-10-22 10:16:10'),(846,276,4,2,'2025-10-22 10:16:10','2025-10-22 10:16:10'),(847,276,1,1,'2025-10-22 10:16:10','2025-10-22 10:16:10'),(848,276,2,1,'2025-10-22 10:16:10','2025-10-22 10:16:10'),(849,276,3,1,'2025-10-22 10:16:10','2025-10-22 10:16:10'),(850,276,4,1,'2025-10-22 10:16:10','2025-10-22 10:16:10'),(851,277,2,2,'2025-10-22 10:16:10','2025-10-22 10:16:10'),(852,277,3,2,'2025-10-22 10:16:10','2025-10-22 10:16:10'),(853,277,4,2,'2025-10-22 10:16:10','2025-10-22 10:16:10'),(854,277,1,1,'2025-10-22 10:16:10','2025-10-22 10:16:10'),(855,277,2,1,'2025-10-22 10:16:10','2025-10-22 10:16:10'),(856,277,3,1,'2025-10-22 10:16:10','2025-10-22 10:16:10'),(857,277,4,1,'2025-10-22 10:16:10','2025-10-22 10:16:10'),(858,278,2,2,'2025-10-22 10:16:10','2025-10-22 10:16:10'),(859,278,3,2,'2025-10-22 10:16:10','2025-10-22 10:16:10'),(860,278,4,2,'2025-10-22 10:16:10','2025-10-22 10:16:10'),(861,278,1,1,'2025-10-22 10:16:10','2025-10-22 10:16:10'),(862,278,2,1,'2025-10-22 10:16:10','2025-10-22 10:16:10'),(863,278,3,1,'2025-10-22 10:16:10','2025-10-22 10:16:10'),(864,278,4,1,'2025-10-22 10:16:10','2025-10-22 10:16:10'),(865,279,2,2,'2025-10-22 10:16:10','2025-10-22 10:16:10'),(866,279,3,2,'2025-10-22 10:16:10','2025-10-22 10:16:10'),(867,279,4,2,'2025-10-22 10:16:10','2025-10-22 10:16:10'),(868,279,1,1,'2025-10-22 10:16:10','2025-10-22 10:16:10'),(869,279,2,1,'2025-10-22 10:16:10','2025-10-22 10:16:10'),(870,279,3,1,'2025-10-22 10:16:10','2025-10-22 10:16:10'),(871,279,4,1,'2025-10-22 10:16:10','2025-10-22 10:16:10'),(872,280,1,1,'2025-10-22 10:16:52','2025-10-22 10:16:52'),(873,281,1,1,'2025-10-22 10:17:17','2025-10-22 10:17:17'),(874,282,1,1,'2025-10-22 10:17:24','2025-10-22 10:17:24'),(875,283,1,1,'2025-10-22 10:17:26','2025-10-22 10:17:26'),(876,284,1,1,'2025-10-22 10:17:27','2025-10-22 10:17:27'),(877,285,1,1,'2025-10-22 10:17:27','2025-10-22 10:17:27'),(878,286,1,1,'2025-10-22 10:17:27','2025-10-22 10:17:27'),(879,287,1,1,'2025-10-22 10:17:27','2025-10-22 10:17:27'),(880,288,1,1,'2025-10-22 10:17:28','2025-10-22 10:17:28'),(881,289,1,1,'2025-10-22 10:17:28','2025-10-22 10:17:28'),(882,290,1,1,'2025-10-23 03:21:44','2025-10-23 03:21:44'),(883,291,1,1,'2025-10-23 03:21:45','2025-10-23 03:21:45'),(884,292,1,1,'2025-10-23 03:21:46','2025-10-23 03:21:46'),(885,293,1,1,'2025-10-23 03:24:28','2025-10-23 03:24:28'),(886,294,1,1,'2025-10-23 03:24:29','2025-10-23 03:24:29'),(887,295,1,1,'2025-10-23 03:24:29','2025-10-23 03:24:29'),(888,296,1,1,'2025-10-23 03:24:29','2025-10-23 03:24:29'),(889,297,1,1,'2025-10-23 03:24:30','2025-10-23 03:24:30'),(890,298,1,1,'2025-10-23 03:27:25','2025-10-23 03:27:25'),(891,298,1,1,'2025-10-23 03:27:25','2025-10-23 03:27:25'),(892,298,2,1,'2025-10-23 03:27:25','2025-10-23 03:27:25'),(893,298,3,1,'2025-10-23 03:27:25','2025-10-23 03:27:25'),(894,298,4,1,'2025-10-23 03:27:25','2025-10-23 03:27:25'),(895,298,4,1,'2025-10-23 03:27:25','2025-10-23 03:27:25'),(896,298,5,5,'2025-10-23 03:27:25','2025-10-23 03:27:25'),(897,298,5,1,'2025-10-23 03:27:25','2025-10-23 03:27:25'),(898,298,57,2,'2025-10-23 03:27:25','2025-10-23 03:27:25'),(899,298,57,1,'2025-10-23 03:27:25','2025-10-23 03:27:25'),(900,298,57,1,'2025-10-23 03:27:25','2025-10-23 03:27:25'),(901,299,1,1,'2025-10-23 03:27:26','2025-10-23 03:27:26'),(902,299,1,1,'2025-10-23 03:27:26','2025-10-23 03:27:26'),(903,299,2,1,'2025-10-23 03:27:26','2025-10-23 03:27:26'),(904,299,3,1,'2025-10-23 03:27:26','2025-10-23 03:27:26'),(905,299,4,1,'2025-10-23 03:27:26','2025-10-23 03:27:26'),(906,299,4,1,'2025-10-23 03:27:26','2025-10-23 03:27:26'),(907,299,5,5,'2025-10-23 03:27:26','2025-10-23 03:27:26'),(908,299,5,1,'2025-10-23 03:27:26','2025-10-23 03:27:26'),(909,299,57,2,'2025-10-23 03:27:26','2025-10-23 03:27:26'),(910,299,57,1,'2025-10-23 03:27:26','2025-10-23 03:27:26'),(911,299,57,1,'2025-10-23 03:27:26','2025-10-23 03:27:26'),(912,300,1,1,'2025-10-23 03:27:26','2025-10-23 03:27:26'),(913,300,1,1,'2025-10-23 03:27:26','2025-10-23 03:27:26'),(914,300,2,1,'2025-10-23 03:27:26','2025-10-23 03:27:26'),(915,300,3,1,'2025-10-23 03:27:26','2025-10-23 03:27:26'),(916,300,4,1,'2025-10-23 03:27:26','2025-10-23 03:27:26'),(917,300,4,1,'2025-10-23 03:27:26','2025-10-23 03:27:26'),(918,300,5,5,'2025-10-23 03:27:26','2025-10-23 03:27:26'),(919,300,5,1,'2025-10-23 03:27:26','2025-10-23 03:27:26'),(920,300,57,2,'2025-10-23 03:27:26','2025-10-23 03:27:26'),(921,300,57,1,'2025-10-23 03:27:26','2025-10-23 03:27:26'),(922,300,57,1,'2025-10-23 03:27:26','2025-10-23 03:27:26'),(923,301,1,1,'2025-10-23 03:27:27','2025-10-23 03:27:27'),(924,301,1,1,'2025-10-23 03:27:27','2025-10-23 03:27:27'),(925,301,2,1,'2025-10-23 03:27:27','2025-10-23 03:27:27'),(926,301,3,1,'2025-10-23 03:27:27','2025-10-23 03:27:27'),(927,301,4,1,'2025-10-23 03:27:27','2025-10-23 03:27:27'),(928,301,4,1,'2025-10-23 03:27:27','2025-10-23 03:27:27'),(929,301,5,5,'2025-10-23 03:27:27','2025-10-23 03:27:27'),(930,301,5,1,'2025-10-23 03:27:27','2025-10-23 03:27:27'),(931,301,57,2,'2025-10-23 03:27:27','2025-10-23 03:27:27'),(932,301,57,1,'2025-10-23 03:27:27','2025-10-23 03:27:27'),(933,301,57,1,'2025-10-23 03:27:27','2025-10-23 03:27:27'),(934,302,1,1,'2025-10-23 03:27:27','2025-10-23 03:27:27'),(935,302,1,1,'2025-10-23 03:27:27','2025-10-23 03:27:27'),(936,302,2,1,'2025-10-23 03:27:27','2025-10-23 03:27:27'),(937,302,3,1,'2025-10-23 03:27:27','2025-10-23 03:27:27'),(938,302,4,1,'2025-10-23 03:27:27','2025-10-23 03:27:27'),(939,302,4,1,'2025-10-23 03:27:27','2025-10-23 03:27:27'),(940,302,5,5,'2025-10-23 03:27:27','2025-10-23 03:27:27'),(941,302,5,1,'2025-10-23 03:27:27','2025-10-23 03:27:27'),(942,302,57,2,'2025-10-23 03:27:27','2025-10-23 03:27:27'),(943,302,57,1,'2025-10-23 03:27:27','2025-10-23 03:27:27'),(944,302,57,1,'2025-10-23 03:27:27','2025-10-23 03:27:27'),(945,303,1,1,'2025-10-23 03:27:27','2025-10-23 03:27:27'),(946,303,1,1,'2025-10-23 03:27:27','2025-10-23 03:27:27'),(947,303,2,1,'2025-10-23 03:27:27','2025-10-23 03:27:27'),(948,303,3,1,'2025-10-23 03:27:27','2025-10-23 03:27:27'),(949,303,4,1,'2025-10-23 03:27:27','2025-10-23 03:27:27'),(950,303,4,1,'2025-10-23 03:27:27','2025-10-23 03:27:27'),(951,303,5,5,'2025-10-23 03:27:27','2025-10-23 03:27:27'),(952,303,5,1,'2025-10-23 03:27:27','2025-10-23 03:27:27'),(953,303,57,2,'2025-10-23 03:27:27','2025-10-23 03:27:27'),(954,303,57,1,'2025-10-23 03:27:27','2025-10-23 03:27:27'),(955,303,57,1,'2025-10-23 03:27:27','2025-10-23 03:27:27'),(956,304,1,1,'2025-10-23 03:27:27','2025-10-23 03:27:27'),(957,304,1,1,'2025-10-23 03:27:27','2025-10-23 03:27:27'),(958,304,2,1,'2025-10-23 03:27:27','2025-10-23 03:27:27'),(959,304,3,1,'2025-10-23 03:27:27','2025-10-23 03:27:27'),(960,304,4,1,'2025-10-23 03:27:27','2025-10-23 03:27:27'),(961,304,4,1,'2025-10-23 03:27:27','2025-10-23 03:27:27'),(962,304,5,5,'2025-10-23 03:27:27','2025-10-23 03:27:27'),(963,304,5,1,'2025-10-23 03:27:27','2025-10-23 03:27:27'),(964,304,57,2,'2025-10-23 03:27:27','2025-10-23 03:27:27'),(965,304,57,1,'2025-10-23 03:27:27','2025-10-23 03:27:27'),(966,304,57,1,'2025-10-23 03:27:27','2025-10-23 03:27:27'),(967,305,1,1,'2025-10-23 03:27:27','2025-10-23 03:27:27'),(968,305,1,1,'2025-10-23 03:27:27','2025-10-23 03:27:27'),(969,305,2,1,'2025-10-23 03:27:27','2025-10-23 03:27:27'),(970,305,3,1,'2025-10-23 03:27:27','2025-10-23 03:27:27'),(971,305,4,1,'2025-10-23 03:27:27','2025-10-23 03:27:27'),(972,305,4,1,'2025-10-23 03:27:27','2025-10-23 03:27:27'),(973,305,5,5,'2025-10-23 03:27:27','2025-10-23 03:27:27'),(974,305,5,1,'2025-10-23 03:27:27','2025-10-23 03:27:27'),(975,305,57,2,'2025-10-23 03:27:27','2025-10-23 03:27:27'),(976,305,57,1,'2025-10-23 03:27:27','2025-10-23 03:27:27'),(977,305,57,1,'2025-10-23 03:27:27','2025-10-23 03:27:27'),(978,306,1,1,'2025-10-23 03:27:28','2025-10-23 03:27:28'),(979,306,1,1,'2025-10-23 03:27:28','2025-10-23 03:27:28'),(980,306,2,1,'2025-10-23 03:27:28','2025-10-23 03:27:28'),(981,306,3,1,'2025-10-23 03:27:28','2025-10-23 03:27:28'),(982,306,4,1,'2025-10-23 03:27:28','2025-10-23 03:27:28'),(983,306,4,1,'2025-10-23 03:27:28','2025-10-23 03:27:28'),(984,306,5,5,'2025-10-23 03:27:28','2025-10-23 03:27:28'),(985,306,5,1,'2025-10-23 03:27:28','2025-10-23 03:27:28'),(986,306,57,2,'2025-10-23 03:27:28','2025-10-23 03:27:28'),(987,306,57,1,'2025-10-23 03:27:28','2025-10-23 03:27:28'),(988,306,57,1,'2025-10-23 03:27:28','2025-10-23 03:27:28'),(989,307,1,1,'2025-10-23 03:27:30','2025-10-23 03:27:30'),(990,308,1,1,'2025-10-23 03:27:31','2025-10-23 03:27:31'),(991,309,1,1,'2025-10-23 03:27:32','2025-10-23 03:27:32'),(992,310,1,1,'2025-10-23 03:27:33','2025-10-23 03:27:33'),(993,311,1,1,'2025-10-23 03:27:33','2025-10-23 03:27:33'),(994,312,1,1,'2025-10-23 03:27:33','2025-10-23 03:27:33'),(995,313,1,1,'2025-10-23 03:27:49','2025-10-23 03:27:49'),(996,314,1,1,'2025-10-23 03:27:49','2025-10-23 03:27:49'),(997,315,1,1,'2025-10-23 03:27:50','2025-10-23 03:27:50'),(998,316,1,1,'2025-10-23 03:27:50','2025-10-23 03:27:50'),(999,317,1,1,'2025-10-23 03:27:50','2025-10-23 03:27:50'),(1000,318,1,1,'2025-10-23 03:27:50','2025-10-23 03:27:50'),(1001,319,1,1,'2025-10-23 03:27:50','2025-10-23 03:27:50'),(1002,320,1,1,'2025-10-23 03:27:50','2025-10-23 03:27:50'),(1003,321,1,1,'2025-10-23 03:27:51','2025-10-23 03:27:51'),(1004,322,1,1,'2025-10-23 03:27:51','2025-10-23 03:27:51'),(1005,323,1,1,'2025-10-23 03:27:51','2025-10-23 03:27:51'),(1006,324,1,1,'2025-10-23 03:27:52','2025-10-23 03:27:52'),(1007,325,1,1,'2025-10-23 03:27:52','2025-10-23 03:27:52'),(1008,326,1,1,'2025-10-23 03:27:52','2025-10-23 03:27:52'),(1009,327,1,1,'2025-10-23 03:27:52','2025-10-23 03:27:52'),(1010,328,1,1,'2025-10-23 03:27:52','2025-10-23 03:27:52'),(1011,329,1,1,'2025-10-23 03:27:53','2025-10-23 03:27:53'),(1012,330,1,1,'2025-10-23 03:27:53','2025-10-23 03:27:53'),(1013,331,1,1,'2025-10-23 03:27:53','2025-10-23 03:27:53'),(1015,333,1,1,'2025-10-23 03:29:07','2025-10-23 03:29:07'),(1016,334,1,1,'2025-10-23 03:29:08','2025-10-23 03:29:08'),(1017,335,1,1,'2025-10-23 03:29:10','2025-10-23 03:29:10'),(1019,337,1,1,'2025-10-23 03:31:00','2025-10-23 03:31:00'),(1020,338,1,1,'2025-10-23 03:31:01','2025-10-23 03:31:01'),(1027,347,1,1,'2025-10-23 03:32:33','2025-10-23 03:32:33'),(1028,348,1,1,'2025-10-23 03:32:33','2025-10-23 03:32:33'),(1029,349,1,1,'2025-10-23 03:35:11','2025-10-23 03:35:11'),(1030,350,1,1,'2025-10-23 03:35:12','2025-10-23 03:35:12'),(1031,351,1,1,'2025-10-23 03:35:12','2025-10-23 03:35:12'),(1032,352,1,1,'2025-10-23 03:35:12','2025-10-23 03:35:12'),(1033,353,1,1,'2025-10-23 03:35:12','2025-10-23 03:35:12'),(1034,354,1,1,'2025-10-23 03:35:12','2025-10-23 03:35:12'),(1035,355,1,1,'2025-10-23 03:35:13','2025-10-23 03:35:13'),(1036,356,1,1,'2025-10-23 03:35:15','2025-10-23 03:35:15'),(1057,332,2,1,'2025-10-23 03:37:28','2025-10-23 03:37:28'),(1058,332,4,1,'2025-10-23 03:37:28','2025-10-23 03:37:28'),(1059,332,2,1,'2025-10-23 03:37:28','2025-10-23 03:37:28'),(1060,332,3,1,'2025-10-23 03:37:28','2025-10-23 03:37:28'),(1061,332,4,1,'2025-10-23 03:37:28','2025-10-23 03:37:28'),(1062,332,5,1,'2025-10-23 03:37:28','2025-10-23 03:37:28'),(1063,360,1,1,'2025-10-23 03:37:54','2025-10-23 03:37:54'),(1064,360,2,1,'2025-10-23 03:37:54','2025-10-23 03:37:54'),(1113,361,4,1,'2025-10-23 04:13:42','2025-10-23 04:13:42'),(1124,336,1,3,'2025-10-23 04:20:34','2025-10-23 04:20:34'),(1125,336,2,1,'2025-10-23 04:20:34','2025-10-23 04:20:34'),(1126,336,3,1,'2025-10-23 04:20:34','2025-10-23 04:20:34'),(1127,336,4,1,'2025-10-23 04:20:34','2025-10-23 04:20:34'),(1128,336,5,1,'2025-10-23 04:20:34','2025-10-23 04:20:34'),(1129,180,2,3,'2025-10-23 04:22:44','2025-10-23 04:22:44'),(1130,180,3,2,'2025-10-23 04:22:44','2025-10-23 04:22:44'),(1131,180,4,2,'2025-10-23 04:22:44','2025-10-23 04:22:44'),(1132,180,4,1,'2025-10-23 04:22:44','2025-10-23 04:22:44'),(1133,180,1,1,'2025-10-23 04:22:44','2025-10-23 04:22:44'),(1139,179,2,2,'2025-10-23 04:46:14','2025-10-23 04:46:14'),(1140,179,3,2,'2025-10-23 04:46:14','2025-10-23 04:46:14'),(1141,179,4,2,'2025-10-23 04:46:14','2025-10-23 04:46:14'),(1142,179,4,1,'2025-10-23 04:46:14','2025-10-23 04:46:14'),(1143,179,5,1,'2025-10-23 04:46:14','2025-10-23 04:46:14');
/*!40000 ALTER TABLE `orderequipments` ENABLE KEYS */;
UNLOCK TABLES;

--
-- Table structure for table `orders`
--

DROP TABLE IF EXISTS `orders`;
/*!40101 SET @saved_cs_client     = @@character_set_client */;
/*!50503 SET character_set_client = utf8mb4 */;
CREATE TABLE `orders` (
  `id` int NOT NULL AUTO_INCREMENT,
  `customer_id` int NOT NULL,
  `service_id` int NOT NULL,
  `technician_id` int DEFAULT NULL,
  `schedule_time` datetime NOT NULL,
  `status` enum('pending','completed','cancelled') DEFAULT 'pending',
  `total_price` int DEFAULT NULL,
  `created_at` timestamp NULL DEFAULT CURRENT_TIMESTAMP,
  `updated_at` timestamp NULL DEFAULT CURRENT_TIMESTAMP ON UPDATE CURRENT_TIMESTAMP,
  PRIMARY KEY (`id`),
  KEY `customer_id` (`customer_id`),
  KEY `service_id` (`service_id`),
  KEY `technician_id` (`technician_id`),
  CONSTRAINT `orders_ibfk_1` FOREIGN KEY (`customer_id`) REFERENCES `users` (`id`),
  CONSTRAINT `orders_ibfk_2` FOREIGN KEY (`service_id`) REFERENCES `services` (`id`),
  CONSTRAINT `orders_ibfk_3` FOREIGN KEY (`technician_id`) REFERENCES `users` (`id`)
) ENGINE=InnoDB AUTO_INCREMENT=362 DEFAULT CHARSET=utf8mb4 COLLATE=utf8mb4_0900_ai_ci;
/*!40101 SET character_set_client = @saved_cs_client */;

--
-- Dumping data for table `orders`
--

LOCK TABLES `orders` WRITE;
/*!40000 ALTER TABLE `orders` DISABLE KEYS */;
INSERT INTO `orders` VALUES (2,2,2,3,'2025-09-21 14:00:00','completed',150000,'2025-09-22 08:57:09','2025-10-17 01:44:31'),(4,1,2,2,'2025-09-26 14:30:00','completed',150000,'2025-09-23 09:35:02','2025-09-23 09:35:02'),(5,1,1,NULL,'2025-09-27 10:00:00','pending',250000,'2025-09-23 09:35:02','2025-10-17 01:44:33'),(8,1,1,NULL,'2025-09-27 10:00:00','completed',250000,'2025-09-24 15:01:11','2025-10-16 13:13:02'),(10,1,2,2,'2025-09-26 14:30:00','completed',150000,'2025-09-24 15:01:11','2025-09-24 15:01:11'),(64,133,51,NULL,'2025-10-04 00:00:00','completed',NULL,'2025-10-04 07:57:30','2025-10-16 14:02:58'),(65,133,51,NULL,'2025-10-04 00:00:00','cancelled',NULL,'2025-10-04 07:59:06','2025-10-04 08:06:00'),(68,30,1,3,'2025-10-14 19:43:08','pending',16850000,'2025-10-14 12:43:30','2025-10-14 12:43:46'),(69,2,40,3,'2025-10-23 00:00:00','pending',123123,'2025-10-18 07:30:29','2025-10-18 07:30:29'),(70,2,40,3,'2025-10-23 00:00:00','pending',123123,'2025-10-18 07:30:35','2025-10-18 07:30:35'),(71,2,50,3,'2025-10-27 00:00:00','pending',1,'2025-10-18 07:31:38','2025-10-18 07:31:38'),(73,2,50,3,'2025-10-27 00:00:00','pending',1,'2025-10-18 07:31:57','2025-10-18 07:31:57'),(74,2,49,31,'2025-10-01 00:00:00','pending',12123,'2025-10-18 07:35:01','2025-10-18 07:35:01'),(76,2,40,31,'2025-10-07 00:00:00','pending',123123,'2025-10-18 07:38:03','2025-10-18 07:38:03'),(77,41,40,31,'2025-10-07 00:00:00','pending',123123,'2025-10-18 07:38:14','2025-10-18 07:38:14'),(80,33,12,31,'2025-10-07 00:00:00','pending',19150000,'2025-10-18 07:39:12','2025-10-18 07:39:12'),(83,2,50,3,'2025-11-07 00:00:00','pending',18500001,'2025-10-18 07:40:35','2025-10-18 07:40:35'),(84,2,50,3,'2025-11-07 00:00:00','pending',18500001,'2025-10-18 07:40:36','2025-10-18 07:40:36'),(85,2,49,3,'2025-10-22 00:00:00','pending',18962123,'2025-10-18 07:45:59','2025-10-18 07:45:59'),(86,2,52,3,'2025-10-08 00:00:00','completed',1,'2025-10-18 07:57:32','2025-10-18 07:57:32'),(87,2,40,3,'2025-10-02 00:00:00','pending',123123,'2025-10-18 08:04:03','2025-10-18 08:04:03'),(88,2,40,3,'2025-10-02 00:00:00','pending',15123123,'2025-10-18 08:04:10','2025-10-18 08:04:10'),(89,2,49,31,'2025-10-02 00:00:00','completed',15012123,'2025-10-18 08:09:16','2025-10-18 08:09:16'),(91,2,40,3,'2025-10-09 00:00:00','completed',19073123,'2025-10-18 08:10:30','2025-10-18 08:10:30'),(92,2,40,3,'2025-10-09 00:00:00','completed',19073123,'2025-10-18 08:10:36','2025-10-18 08:10:36'),(94,2,49,3,'2025-10-08 00:00:00','pending',12123,'2025-10-18 08:12:47','2025-10-18 08:12:47'),(95,2,49,3,'2025-10-08 00:00:00','pending',15012123,'2025-10-18 08:13:18','2025-10-18 08:13:18'),(96,2,51,3,'2025-10-22 00:00:00','pending',15000001,'2025-10-18 08:14:21','2025-10-18 08:14:21'),(97,2,51,3,'2025-10-15 00:00:00','pending',1,'2025-10-18 08:14:45','2025-10-18 08:14:45'),(98,2,51,3,'2025-10-22 00:00:00','completed',18500001,'2025-10-18 08:21:52','2025-10-18 08:21:52'),(99,2,51,3,'2025-10-22 00:00:00','completed',18500001,'2025-10-18 08:21:56','2025-10-18 08:21:56'),(100,2,51,3,'2025-10-22 00:00:00','completed',18500001,'2025-10-18 08:21:58','2025-10-18 08:21:58'),(101,2,51,3,'2025-10-22 00:00:00','completed',18500001,'2025-10-18 08:21:58','2025-10-18 08:21:58'),(102,2,51,3,'2025-10-22 00:00:00','completed',18500001,'2025-10-18 08:21:59','2025-10-18 08:21:59'),(103,2,51,3,'2025-10-22 00:00:00','completed',18500001,'2025-10-18 08:21:59','2025-10-18 08:21:59'),(104,2,51,3,'2025-10-22 00:00:00','completed',18500001,'2025-10-18 08:21:59','2025-10-18 08:21:59'),(105,2,51,3,'2025-10-22 00:00:00','completed',18500001,'2025-10-18 08:21:59','2025-10-18 08:21:59'),(106,2,51,3,'2025-10-22 00:00:00','completed',18500001,'2025-10-18 08:21:59','2025-10-18 08:21:59'),(107,2,51,3,'2025-10-22 00:00:00','completed',18500001,'2025-10-18 08:22:00','2025-10-18 08:22:00'),(108,2,51,3,'2025-10-22 00:00:00','completed',18500001,'2025-10-18 08:22:00','2025-10-18 08:22:00'),(109,2,51,3,'2025-10-22 00:00:00','completed',18500001,'2025-10-18 08:22:00','2025-10-18 08:22:00'),(110,2,51,3,'2025-10-22 00:00:00','completed',18500001,'2025-10-18 08:22:00','2025-10-18 08:22:00'),(111,2,51,3,'2025-10-22 00:00:00','completed',18500001,'2025-10-18 08:22:00','2025-10-18 08:22:00'),(112,2,51,3,'2025-10-22 00:00:00','completed',18500001,'2025-10-18 08:22:00','2025-10-18 08:22:00'),(113,2,51,3,'2025-10-22 00:00:00','completed',18500001,'2025-10-18 08:22:01','2025-10-18 08:22:01'),(114,2,51,3,'2025-10-22 00:00:00','completed',18500001,'2025-10-18 08:22:01','2025-10-18 08:22:01'),(115,2,51,3,'2025-10-22 00:00:00','completed',18500001,'2025-10-18 08:22:01','2025-10-18 08:22:01'),(116,2,51,3,'2025-10-22 00:00:00','completed',18500001,'2025-10-18 08:22:01','2025-10-18 08:22:01'),(117,2,51,3,'2025-10-22 00:00:00','completed',18500001,'2025-10-18 08:22:01','2025-10-18 08:22:01'),(118,2,51,3,'2025-10-22 00:00:00','completed',18500001,'2025-10-18 08:22:01','2025-10-18 08:22:01'),(119,2,51,3,'2025-10-22 00:00:00','completed',18500001,'2025-10-18 08:22:02','2025-10-18 08:22:02'),(120,2,51,3,'2025-10-22 00:00:00','completed',18500001,'2025-10-18 08:22:02','2025-10-18 08:22:02'),(121,2,51,3,'2025-10-22 00:00:00','completed',18500001,'2025-10-18 08:22:02','2025-10-18 08:22:02'),(122,2,51,3,'2025-10-22 00:00:00','completed',18500001,'2025-10-18 08:22:02','2025-10-18 08:22:02'),(123,2,51,3,'2025-10-22 00:00:00','completed',18500001,'2025-10-18 08:22:02','2025-10-18 08:22:02'),(124,2,51,3,'2025-10-22 00:00:00','completed',18500001,'2025-10-18 08:22:02','2025-10-18 08:22:02'),(125,2,51,3,'2025-10-22 00:00:00','completed',18500001,'2025-10-18 08:22:03','2025-10-18 08:22:03'),(126,2,51,3,'2025-10-22 00:00:00','completed',18500001,'2025-10-18 08:22:03','2025-10-18 08:22:03'),(127,2,51,3,'2025-10-22 00:00:00','completed',18500001,'2025-10-18 08:22:03','2025-10-18 08:22:03'),(128,2,51,3,'2025-10-22 00:00:00','completed',18500001,'2025-10-18 08:22:03','2025-10-18 08:22:03'),(129,2,51,3,'2025-10-22 00:00:00','completed',18500001,'2025-10-18 08:22:03','2025-10-18 08:22:03'),(130,2,51,3,'2025-10-22 00:00:00','completed',18500001,'2025-10-18 08:22:03','2025-10-18 08:22:03'),(131,2,51,3,'2025-10-22 00:00:00','completed',18500001,'2025-10-18 08:22:04','2025-10-18 08:22:04'),(132,2,51,3,'2025-10-22 00:00:00','completed',18500001,'2025-10-18 08:22:04','2025-10-18 08:22:04'),(133,2,51,3,'2025-10-22 00:00:00','completed',18500001,'2025-10-18 08:22:04','2025-10-18 08:22:04'),(134,2,51,3,'2025-10-22 00:00:00','completed',18500001,'2025-10-18 08:22:04','2025-10-18 08:22:04'),(135,2,51,3,'2025-10-22 00:00:00','completed',18500001,'2025-10-18 08:22:04','2025-10-18 08:22:04'),(136,2,51,3,'2025-10-22 00:00:00','completed',18500001,'2025-10-18 08:22:04','2025-10-18 08:22:04'),(137,2,51,3,'2025-10-22 00:00:00','completed',18500001,'2025-10-18 08:22:05','2025-10-18 08:22:05'),(138,2,51,3,'2025-10-22 00:00:00','completed',18500001,'2025-10-18 08:22:05','2025-10-18 08:22:05'),(139,2,51,3,'2025-10-22 00:00:00','completed',18500001,'2025-10-18 08:22:05','2025-10-18 08:22:05'),(140,2,51,3,'2025-10-22 00:00:00','completed',18500001,'2025-10-18 08:22:05','2025-10-18 08:22:05'),(141,2,51,3,'2025-10-22 00:00:00','completed',18500001,'2025-10-18 08:22:05','2025-10-18 08:22:05'),(142,2,51,3,'2025-10-22 00:00:00','completed',18500001,'2025-10-18 08:22:05','2025-10-18 08:22:05'),(143,2,51,3,'2025-10-22 00:00:00','completed',18500001,'2025-10-18 08:22:06','2025-10-18 08:22:06'),(144,2,51,3,'2025-10-22 00:00:00','completed',18500001,'2025-10-18 08:22:07','2025-10-18 08:22:07'),(145,2,51,3,'2025-10-22 00:00:00','completed',18500001,'2025-10-18 08:22:07','2025-10-18 08:22:07'),(146,2,51,3,'2025-10-22 00:00:00','completed',18500001,'2025-10-18 08:22:07','2025-10-18 08:22:07'),(147,2,51,3,'2025-10-22 00:00:00','completed',18500001,'2025-10-18 08:22:07','2025-10-18 08:22:07'),(156,2,1,3,'2025-10-21 00:00:00','cancelled',10000,'2025-10-22 06:37:25','2025-10-22 07:52:33'),(157,2,49,3,'2025-10-06 00:00:00','completed',3512123,'2025-10-22 08:35:59','2025-10-22 08:35:59'),(163,30,49,3,'2025-10-01 00:00:00','pending',5162123,'2025-10-22 08:36:57','2025-10-22 08:36:57'),(164,30,49,3,'2025-10-01 00:00:00','pending',5162123,'2025-10-22 08:36:58','2025-10-22 08:36:58'),(165,30,49,3,'2025-10-01 00:00:00','pending',5162123,'2025-10-22 08:36:59','2025-10-22 08:36:59'),(166,30,49,3,'2025-10-01 00:00:00','pending',5162123,'2025-10-22 08:36:59','2025-10-22 08:36:59'),(167,30,49,3,'2025-10-01 00:00:00','pending',5162123,'2025-10-22 08:37:00','2025-10-22 08:37:00'),(168,30,49,3,'2025-10-01 00:00:00','pending',5162123,'2025-10-22 08:37:01','2025-10-22 08:37:01'),(169,30,49,3,'2025-10-01 00:00:00','pending',5162123,'2025-10-22 08:37:01','2025-10-22 08:37:01'),(170,30,49,3,'2025-10-01 00:00:00','pending',5162123,'2025-10-22 08:37:01','2025-10-22 08:37:01'),(171,30,49,3,'2025-10-01 00:00:00','pending',5162123,'2025-10-22 08:37:01','2025-10-22 08:37:01'),(172,30,49,3,'2025-10-01 00:00:00','pending',0,'2025-10-22 08:53:40','2025-10-22 08:53:40'),(173,30,49,3,'2025-10-01 00:00:00','pending',52512123,'2025-10-22 08:54:08','2025-10-22 08:54:08'),(174,30,49,3,'2025-10-01 00:00:00','pending',0,'2025-10-22 08:54:16','2025-10-22 08:54:16'),(175,30,49,3,'2025-10-01 00:00:00','pending',0,'2025-10-22 09:05:22','2025-10-22 09:05:22'),(176,30,49,3,'2025-10-01 00:00:00','pending',20163031,'2025-10-22 09:28:52','2025-10-22 09:28:52'),(177,30,49,3,'2025-10-01 00:00:00','pending',13031,'2025-10-22 09:40:29','2025-10-22 09:40:29'),(178,30,49,3,'2025-10-01 00:00:00','pending',13482,'2025-10-22 09:48:31','2025-10-22 09:48:31'),(179,30,49,3,'2025-10-01 00:00:00','completed',14012123,'2025-10-22 09:49:08','2025-10-23 04:46:14'),(180,30,49,3,'2025-10-01 00:00:00','completed',30012123,'2025-10-22 09:51:11','2025-10-23 04:22:44'),(181,30,49,3,'2025-10-01 00:00:00','completed',13500,'2025-10-22 09:53:15','2025-10-22 09:53:15'),(182,30,49,3,'2025-10-01 00:00:00','cancelled',13031,'2025-10-22 09:53:17','2025-10-22 09:53:17'),(183,30,49,3,'2025-10-01 00:00:00','completed',13031,'2025-10-22 09:53:21','2025-10-22 09:53:21'),(184,30,49,3,'2025-10-01 00:00:00','completed',13031,'2025-10-22 09:53:38','2025-10-22 09:53:38'),(185,30,49,3,'2025-10-01 00:00:00','completed',13031,'2025-10-22 09:53:40','2025-10-22 09:53:40'),(186,30,49,3,'2025-10-01 00:00:00','completed',13031,'2025-10-22 09:53:41','2025-10-22 09:53:41'),(187,30,49,3,'2025-10-01 00:00:00','completed',13031,'2025-10-22 09:53:41','2025-10-22 09:53:41'),(188,30,49,3,'2025-10-01 00:00:00','completed',13031,'2025-10-22 09:53:42','2025-10-22 09:53:42'),(189,30,49,3,'2025-10-01 00:00:00','completed',13031,'2025-10-22 09:53:42','2025-10-22 09:53:42'),(190,30,49,3,'2025-10-01 00:00:00','completed',13031,'2025-10-22 09:53:42','2025-10-22 09:53:42'),(191,30,49,3,'2025-10-01 00:00:00','completed',13031,'2025-10-22 09:53:42','2025-10-22 09:53:42'),(192,30,49,3,'2025-10-01 00:00:00','completed',13031,'2025-10-22 09:53:42','2025-10-22 09:53:42'),(193,30,49,3,'2025-10-01 00:00:00','completed',13031,'2025-10-22 09:53:42','2025-10-22 09:53:42'),(194,30,49,3,'2025-10-01 00:00:00','completed',13031,'2025-10-22 09:53:43','2025-10-22 09:53:43'),(195,30,49,3,'2025-10-01 00:00:00','completed',13031,'2025-10-22 09:53:43','2025-10-22 09:53:43'),(196,30,49,3,'2025-10-01 00:00:00','completed',13031,'2025-10-22 09:53:43','2025-10-22 09:53:43'),(197,30,49,3,'2025-10-01 00:00:00','completed',13031,'2025-10-22 09:53:43','2025-10-22 09:53:43'),(198,30,49,3,'2025-10-01 00:00:00','completed',13031,'2025-10-22 09:53:43','2025-10-22 09:53:43'),(199,30,49,3,'2025-10-01 00:00:00','completed',13031,'2025-10-22 09:58:34','2025-10-22 09:58:34'),(200,30,49,3,'2025-10-01 00:00:00','completed',13499,'2025-10-22 09:58:39','2025-10-22 09:58:39'),(201,30,49,3,'2025-10-01 00:00:00','completed',13031,'2025-10-22 09:58:41','2025-10-22 09:58:41'),(202,30,49,3,'2025-10-01 00:00:00','completed',13031,'2025-10-22 09:58:46','2025-10-22 09:58:46'),(203,30,49,3,'2025-10-01 00:00:00','completed',13031,'2025-10-22 09:58:47','2025-10-22 09:58:47'),(204,30,49,3,'2025-10-01 00:00:00','completed',13031,'2025-10-22 09:58:49','2025-10-22 09:58:49'),(205,30,49,3,'2025-10-01 00:00:00','completed',13031,'2025-10-22 09:58:50','2025-10-22 09:58:50'),(206,30,54,3,'2025-10-01 00:00:00','completed',909,'2025-10-22 10:00:21','2025-10-22 10:00:21'),(207,30,49,3,'2025-10-01 00:00:00','completed',13481,'2025-10-22 10:00:24','2025-10-22 10:00:24'),(208,30,49,3,'2025-10-01 00:00:00','completed',13481,'2025-10-22 10:00:25','2025-10-22 10:00:25'),(209,30,49,3,'2025-10-01 00:00:00','completed',13031,'2025-10-22 10:00:26','2025-10-22 10:00:26'),(210,30,49,3,'2025-10-01 00:00:00','completed',13031,'2025-10-22 10:02:12','2025-10-22 10:02:12'),(211,30,62,3,'2025-10-01 00:00:00','completed',2122229,'2025-10-22 10:02:16','2025-10-22 10:02:16'),(212,30,62,3,'2025-10-01 00:00:00','completed',2122229,'2025-10-22 10:02:19','2025-10-22 10:02:19'),(213,30,62,3,'2025-10-01 00:00:00','completed',2122229,'2025-10-22 10:02:20','2025-10-22 10:02:20'),(214,30,62,3,'2025-10-01 00:00:00','completed',2122229,'2025-10-22 10:02:20','2025-10-22 10:02:20'),(215,30,62,3,'2025-10-01 00:00:00','completed',2122229,'2025-10-22 10:02:20','2025-10-22 10:02:20'),(216,30,49,3,'2025-10-01 00:00:00','completed',13031,'2025-10-22 10:02:22','2025-10-22 10:02:22'),(217,30,49,3,'2025-10-01 00:00:00','completed',13031,'2025-10-22 10:02:23','2025-10-22 10:02:23'),(218,30,49,3,'2025-10-01 00:00:00','completed',13031,'2025-10-22 10:02:24','2025-10-22 10:02:24'),(219,30,62,3,'2025-10-01 00:00:00','completed',2122229,'2025-10-22 10:02:26','2025-10-22 10:02:26'),(220,30,49,3,'2025-10-01 00:00:00','completed',13031,'2025-10-22 10:02:32','2025-10-22 10:02:32'),(221,30,49,3,'2025-10-01 00:00:00','completed',13031,'2025-10-22 10:02:32','2025-10-22 10:02:32'),(222,30,49,3,'2025-10-01 00:00:00','completed',13031,'2025-10-22 10:02:40','2025-10-22 10:02:40'),(223,30,49,3,'2025-10-01 00:00:00','completed',13046,'2025-10-22 10:02:44','2025-10-22 10:02:44'),(224,30,49,3,'2025-10-01 00:00:00','completed',13031,'2025-10-22 10:03:19','2025-10-22 10:03:19'),(225,30,22,3,'2025-10-01 00:00:00','completed',214031,'2025-10-22 10:03:22','2025-10-22 10:03:22'),(226,30,88,3,'2025-10-01 00:00:00','completed',3491,'2025-10-22 10:03:29','2025-10-22 10:03:29'),(227,30,49,3,'2025-10-01 00:00:00','completed',13031,'2025-10-22 10:03:30','2025-10-22 10:03:30'),(228,30,49,3,'2025-10-01 00:00:00','completed',13031,'2025-10-22 10:05:09','2025-10-22 10:05:09'),(229,30,49,3,'2025-10-01 00:00:00','completed',13031,'2025-10-22 10:05:10','2025-10-22 10:05:10'),(230,30,49,3,'2025-10-01 00:00:00','completed',13500,'2025-10-22 10:05:14','2025-10-22 10:05:14'),(231,30,49,3,'2025-10-01 00:00:00','completed',13500,'2025-10-22 10:09:10','2025-10-22 10:09:10'),(232,30,49,3,'2025-10-01 00:00:00','completed',13500,'2025-10-22 10:09:11','2025-10-22 10:09:11'),(233,30,49,3,'2025-10-01 00:00:00','completed',13500,'2025-10-22 10:09:11','2025-10-22 10:09:11'),(234,30,49,3,'2025-10-01 00:00:00','completed',13500,'2025-10-22 10:09:12','2025-10-22 10:09:12'),(235,30,49,3,'2025-10-01 00:00:00','completed',13500,'2025-10-22 10:09:18','2025-10-22 10:09:18'),(236,30,49,3,'2025-10-01 00:00:00','completed',13515,'2025-10-22 10:09:51','2025-10-22 10:09:51'),(237,30,49,3,'2025-10-01 00:00:00','completed',13515,'2025-10-22 10:09:52','2025-10-22 10:09:52'),(238,30,49,3,'2025-10-01 00:00:00','completed',13515,'2025-10-22 10:09:52','2025-10-22 10:09:52'),(239,30,49,3,'2025-10-01 00:00:00','completed',13515,'2025-10-22 10:09:53','2025-10-22 10:09:53'),(240,30,49,3,'2025-10-01 00:00:00','completed',13515,'2025-10-22 10:09:53','2025-10-22 10:09:53'),(241,30,49,3,'2025-10-01 00:00:00','completed',13515,'2025-10-22 10:09:53','2025-10-22 10:09:53'),(242,30,49,3,'2025-10-01 00:00:00','completed',13515,'2025-10-22 10:09:53','2025-10-22 10:09:53'),(243,30,49,3,'2025-10-01 00:00:00','completed',13515,'2025-10-22 10:09:53','2025-10-22 10:09:53'),(244,30,49,3,'2025-10-01 00:00:00','completed',13500,'2025-10-22 10:10:03','2025-10-22 10:10:03'),(245,30,49,3,'2025-10-01 00:00:00','completed',13515,'2025-10-22 10:13:36','2025-10-22 10:13:36'),(246,30,49,3,'2025-10-01 00:00:00','completed',13515,'2025-10-22 10:13:37','2025-10-22 10:13:37'),(247,30,49,3,'2025-10-01 00:00:00','completed',13515,'2025-10-22 10:13:38','2025-10-22 10:13:38'),(248,30,49,3,'2025-10-01 00:00:00','completed',13515,'2025-10-22 10:13:38','2025-10-22 10:13:38'),(249,30,49,3,'2025-10-01 00:00:00','completed',13515,'2025-10-22 10:13:38','2025-10-22 10:13:38'),(250,30,49,3,'2025-10-01 00:00:00','completed',13515,'2025-10-22 10:13:38','2025-10-22 10:13:38'),(251,30,49,3,'2025-10-01 00:00:00','completed',13515,'2025-10-22 10:13:38','2025-10-22 10:13:38'),(252,30,49,3,'2025-10-01 00:00:00','completed',13515,'2025-10-22 10:13:39','2025-10-22 10:13:39'),(253,30,49,3,'2025-10-01 00:00:00','completed',13515,'2025-10-22 10:13:39','2025-10-22 10:13:39'),(254,30,49,3,'2025-10-01 00:00:00','completed',13515,'2025-10-22 10:13:39','2025-10-22 10:13:39'),(255,30,49,3,'2025-10-01 00:00:00','completed',13515,'2025-10-22 10:13:39','2025-10-22 10:13:39'),(256,30,49,3,'2025-10-01 00:00:00','completed',13515,'2025-10-22 10:13:39','2025-10-22 10:13:39'),(257,30,49,3,'2025-10-01 00:00:00','completed',13515,'2025-10-22 10:13:40','2025-10-22 10:13:40'),(258,30,49,3,'2025-10-01 00:00:00','completed',13515,'2025-10-22 10:13:42','2025-10-22 10:13:42'),(259,30,49,3,'2025-10-01 00:00:00','completed',13515,'2025-10-22 10:13:56','2025-10-22 10:13:56'),(260,30,49,3,'2025-10-01 00:00:00','completed',13500,'2025-10-22 10:16:04','2025-10-22 10:16:04'),(261,30,49,3,'2025-10-01 00:00:00','completed',13500,'2025-10-22 10:16:05','2025-10-22 10:16:05'),(262,30,49,3,'2025-10-01 00:00:00','completed',13500,'2025-10-22 10:16:06','2025-10-22 10:16:06'),(263,30,49,3,'2025-10-01 00:00:00','completed',13500,'2025-10-22 10:16:07','2025-10-22 10:16:07'),(264,30,49,3,'2025-10-01 00:00:00','completed',13500,'2025-10-22 10:16:08','2025-10-22 10:16:08'),(265,30,49,3,'2025-10-01 00:00:00','completed',13500,'2025-10-22 10:16:08','2025-10-22 10:16:08'),(266,30,49,3,'2025-10-01 00:00:00','completed',13500,'2025-10-22 10:16:08','2025-10-22 10:16:08'),(267,30,49,3,'2025-10-01 00:00:00','completed',13500,'2025-10-22 10:16:08','2025-10-22 10:16:08'),(268,30,49,3,'2025-10-01 00:00:00','completed',13500,'2025-10-22 10:16:08','2025-10-22 10:16:08'),(269,30,49,3,'2025-10-01 00:00:00','completed',13500,'2025-10-22 10:16:08','2025-10-22 10:16:08'),(270,30,49,3,'2025-10-01 00:00:00','completed',13500,'2025-10-22 10:16:09','2025-10-22 10:16:09'),(271,30,49,3,'2025-10-01 00:00:00','completed',13500,'2025-10-22 10:16:09','2025-10-22 10:16:09'),(272,30,49,3,'2025-10-01 00:00:00','completed',13500,'2025-10-22 10:16:09','2025-10-22 10:16:09'),(273,30,49,3,'2025-10-01 00:00:00','completed',13500,'2025-10-22 10:16:09','2025-10-22 10:16:09'),(274,30,49,3,'2025-10-01 00:00:00','completed',13500,'2025-10-22 10:16:10','2025-10-22 10:16:10'),(275,30,49,3,'2025-10-01 00:00:00','completed',13500,'2025-10-22 10:16:10','2025-10-22 10:16:10'),(276,30,49,3,'2025-10-01 00:00:00','completed',13500,'2025-10-22 10:16:10','2025-10-22 10:16:10'),(277,30,49,3,'2025-10-01 00:00:00','completed',13500,'2025-10-22 10:16:10','2025-10-22 10:16:10'),(278,30,49,3,'2025-10-01 00:00:00','completed',13500,'2025-10-22 10:16:10','2025-10-22 10:16:10'),(279,30,49,3,'2025-10-01 00:00:00','completed',13500,'2025-10-22 10:16:10','2025-10-22 10:16:10'),(280,2,52,31,'2025-10-09 00:00:00','completed',16,'2025-10-22 10:16:52','2025-10-22 10:16:52'),(281,2,52,31,'2025-10-09 00:00:00','completed',16,'2025-10-22 10:17:17','2025-10-22 10:17:17'),(282,2,52,31,'2025-10-09 00:00:00','completed',16,'2025-10-22 10:17:24','2025-10-22 10:17:24'),(283,2,52,31,'2025-10-23 00:00:00','completed',16,'2025-10-22 10:17:26','2025-10-22 10:17:26'),(284,2,52,31,'2025-10-23 00:00:00','completed',16,'2025-10-22 10:17:27','2025-10-22 10:17:27'),(285,2,52,31,'2025-10-23 00:00:00','completed',16,'2025-10-22 10:17:27','2025-10-22 10:17:27'),(286,2,52,31,'2025-10-23 00:00:00','completed',16,'2025-10-22 10:17:27','2025-10-22 10:17:27'),(287,2,52,31,'2025-10-23 00:00:00','completed',16,'2025-10-22 10:17:27','2025-10-22 10:17:27'),(288,2,52,31,'2025-10-23 00:00:00','completed',16,'2025-10-22 10:17:28','2025-10-22 10:17:28'),(289,2,52,31,'2025-10-23 00:00:00','completed',16,'2025-10-22 10:17:28','2025-10-22 10:17:28'),(290,2,52,31,'2025-10-18 00:00:00','completed',16,'2025-10-23 03:21:44','2025-10-23 03:21:44'),(291,2,52,31,'2025-10-18 00:00:00','completed',16,'2025-10-23 03:21:45','2025-10-23 03:21:45'),(292,2,52,31,'2025-10-18 00:00:00','completed',16,'2025-10-23 03:21:46','2025-10-23 03:21:46'),(293,2,52,31,'2025-10-18 00:00:00','completed',16,'2025-10-23 03:24:28','2025-10-23 03:24:28'),(294,2,52,31,'2025-10-18 00:00:00','completed',16,'2025-10-23 03:24:29','2025-10-23 03:24:29'),(295,2,52,31,'2025-10-18 00:00:00','completed',16,'2025-10-23 03:24:29','2025-10-23 03:24:29'),(296,2,52,31,'2025-10-18 00:00:00','completed',16,'2025-10-23 03:24:29','2025-10-23 03:24:29'),(297,2,52,31,'2025-10-18 00:00:00','completed',16,'2025-10-23 03:24:30','2025-10-23 03:24:30'),(298,2,52,31,'2025-10-18 00:00:00','completed',990,'2025-10-23 03:27:25','2025-10-23 03:27:25'),(299,2,52,31,'2025-10-18 00:00:00','completed',990,'2025-10-23 03:27:26','2025-10-23 03:27:26'),(300,2,52,31,'2025-10-18 00:00:00','completed',990,'2025-10-23 03:27:26','2025-10-23 03:27:26'),(301,2,52,31,'2025-10-18 00:00:00','completed',990,'2025-10-23 03:27:27','2025-10-23 03:27:27'),(302,2,52,31,'2025-10-18 00:00:00','completed',990,'2025-10-23 03:27:27','2025-10-23 03:27:27'),(303,2,52,31,'2025-10-18 00:00:00','completed',990,'2025-10-23 03:27:27','2025-10-23 03:27:27'),(304,2,52,31,'2025-10-18 00:00:00','completed',990,'2025-10-23 03:27:27','2025-10-23 03:27:27'),(305,2,52,31,'2025-10-18 00:00:00','completed',990,'2025-10-23 03:27:27','2025-10-23 03:27:27'),(306,2,52,31,'2025-10-18 00:00:00','completed',990,'2025-10-23 03:27:28','2025-10-23 03:27:28'),(307,2,52,31,'2025-10-18 00:00:00','completed',16,'2025-10-23 03:27:30','2025-10-23 03:27:30'),(308,2,52,31,'2025-10-18 00:00:00','completed',16,'2025-10-23 03:27:31','2025-10-23 03:27:31'),(309,2,52,31,'2025-10-18 00:00:00','completed',16,'2025-10-23 03:27:32','2025-10-23 03:27:32'),(310,2,52,31,'2025-10-18 00:00:00','completed',16,'2025-10-23 03:27:33','2025-10-23 03:27:33'),(311,2,52,31,'2025-10-18 00:00:00','completed',16,'2025-10-23 03:27:33','2025-10-23 03:27:33'),(312,2,52,31,'2025-10-18 00:00:00','completed',16,'2025-10-23 03:27:33','2025-10-23 03:27:33'),(313,2,52,31,'2025-10-18 00:00:00','completed',16,'2025-10-23 03:27:49','2025-10-23 03:27:49'),(314,2,52,31,'2025-10-18 00:00:00','completed',16,'2025-10-23 03:27:49','2025-10-23 03:27:49'),(315,2,52,31,'2025-10-18 00:00:00','completed',16,'2025-10-23 03:27:50','2025-10-23 03:27:50'),(316,2,52,31,'2025-10-18 00:00:00','completed',16,'2025-10-23 03:27:50','2025-10-23 03:27:50'),(317,2,52,31,'2025-10-18 00:00:00','completed',16,'2025-10-23 03:27:50','2025-10-23 03:27:50'),(318,2,52,31,'2025-10-18 00:00:00','completed',16,'2025-10-23 03:27:50','2025-10-23 03:27:50'),(319,2,52,31,'2025-10-18 00:00:00','completed',16,'2025-10-23 03:27:50','2025-10-23 03:27:50'),(320,2,52,31,'2025-10-18 00:00:00','completed',16,'2025-10-23 03:27:50','2025-10-23 03:27:50'),(321,2,52,31,'2025-10-18 00:00:00','completed',16,'2025-10-23 03:27:51','2025-10-23 03:27:51'),(322,2,52,31,'2025-10-18 00:00:00','completed',16,'2025-10-23 03:27:51','2025-10-23 03:27:51'),(323,2,52,31,'2025-10-18 00:00:00','completed',16,'2025-10-23 03:27:51','2025-10-23 03:27:51'),(324,2,52,31,'2025-10-18 00:00:00','completed',16,'2025-10-23 03:27:52','2025-10-23 03:27:52'),(325,2,52,31,'2025-10-18 00:00:00','completed',16,'2025-10-23 03:27:52','2025-10-23 03:27:52'),(326,2,52,31,'2025-10-18 00:00:00','completed',16,'2025-10-23 03:27:52','2025-10-23 03:27:52'),(327,2,52,31,'2025-10-18 00:00:00','completed',16,'2025-10-23 03:27:52','2025-10-23 03:27:52'),(328,2,52,31,'2025-10-18 00:00:00','completed',16,'2025-10-23 03:27:52','2025-10-23 03:27:52'),(329,2,52,31,'2025-10-18 00:00:00','completed',16,'2025-10-23 03:27:53','2025-10-23 03:27:53'),(330,2,52,31,'2025-10-18 00:00:00','completed',16,'2025-10-23 03:27:53','2025-10-23 03:27:53'),(331,2,52,31,'2025-10-18 00:00:00','completed',16,'2025-10-23 03:27:53','2025-10-23 03:27:53'),(332,2,15,31,'2025-10-18 00:00:00','completed',200460,'2025-10-23 03:27:53','2025-10-23 03:37:28'),(333,2,52,31,'2025-10-18 00:00:00','completed',16,'2025-10-23 03:29:07','2025-10-23 03:29:07'),(334,2,52,31,'2025-10-18 00:00:00','completed',16,'2025-10-23 03:29:08','2025-10-23 03:29:08'),(335,2,52,31,'2025-10-18 00:00:00','completed',16,'2025-10-23 03:29:10','2025-10-23 03:29:10'),(336,2,52,31,'2025-10-18 00:00:00','completed',52650001,'2025-10-23 03:30:11','2025-10-23 04:20:34'),(337,2,52,31,'2025-10-18 00:00:00','completed',16,'2025-10-23 03:31:00','2025-10-23 03:31:00'),(338,2,52,31,'2025-10-18 00:00:00','completed',16,'2025-10-23 03:31:01','2025-10-23 03:31:01'),(339,2,52,31,'2025-10-18 00:00:00','completed',16,'2025-10-23 03:31:21','2025-10-23 03:31:21'),(340,2,52,31,'2025-10-18 00:00:00','completed',16,'2025-10-23 03:31:23','2025-10-23 03:31:23'),(341,2,52,31,'2025-10-18 00:00:00','completed',16,'2025-10-23 03:31:24','2025-10-23 03:31:24'),(342,2,52,31,'2025-10-18 00:00:00','completed',16,'2025-10-23 03:31:25','2025-10-23 03:31:25'),(343,2,52,31,'2025-10-18 00:00:00','completed',16,'2025-10-23 03:31:26','2025-10-23 03:31:26'),(344,2,52,31,'2025-10-18 00:00:00','completed',16,'2025-10-23 03:31:28','2025-10-23 03:31:28'),(345,2,52,31,'2025-10-18 00:00:00','completed',16,'2025-10-23 03:31:29','2025-10-23 03:31:29'),(346,2,52,31,'2025-10-18 00:00:00','completed',16,'2025-10-23 03:32:23','2025-10-23 03:32:23'),(347,2,52,31,'2025-10-18 00:00:00','completed',16,'2025-10-23 03:32:33','2025-10-23 03:32:33'),(348,2,52,31,'2025-10-18 00:00:00','completed',16,'2025-10-23 03:32:33','2025-10-23 03:32:33'),(349,2,52,31,'2025-10-18 00:00:00','completed',16,'2025-10-23 03:35:11','2025-10-23 03:35:11'),(350,2,52,31,'2025-10-18 00:00:00','completed',16,'2025-10-23 03:35:12','2025-10-23 03:35:12'),(351,2,52,31,'2025-10-18 00:00:00','completed',16,'2025-10-23 03:35:12','2025-10-23 03:35:12'),(352,2,52,31,'2025-10-18 00:00:00','completed',16,'2025-10-23 03:35:12','2025-10-23 03:35:12'),(353,2,52,31,'2025-10-18 00:00:00','completed',16,'2025-10-23 03:35:12','2025-10-23 03:35:12'),(354,2,52,31,'2025-10-18 00:00:00','completed',16,'2025-10-23 03:35:12','2025-10-23 03:35:12'),(355,2,52,31,'2025-10-18 00:00:00','completed',16,'2025-10-23 03:35:13','2025-10-23 03:35:13'),(356,2,60,31,'2025-10-18 00:00:00','completed',2121336,'2025-10-23 03:35:15','2025-10-23 03:35:15'),(357,2,60,31,'2025-10-18 00:00:00','completed',2121336,'2025-10-23 03:35:17','2025-10-23 03:35:17'),(358,2,60,31,'2025-10-18 00:00:00','completed',2121336,'2025-10-23 03:35:18','2025-10-23 03:35:18'),(359,2,60,31,'2025-10-18 00:00:00','completed',2121336,'2025-10-23 03:35:19','2025-10-23 03:35:19'),(360,2,46,3,'2025-10-22 00:00:00','completed',123141,'2025-10-23 03:37:54','2025-10-23 03:37:54'),(361,30,4,31,'2025-10-15 00:00:00','completed',1320000,'2025-10-23 03:38:16','2025-10-23 04:13:42');
/*!40000 ALTER TABLE `orders` ENABLE KEYS */;
UNLOCK TABLES;

--
-- Table structure for table `reviews`
--

DROP TABLE IF EXISTS `reviews`;
/*!40101 SET @saved_cs_client     = @@character_set_client */;
/*!50503 SET character_set_client = utf8mb4 */;
CREATE TABLE `reviews` (
  `id` int NOT NULL AUTO_INCREMENT,
  `order_id` int NOT NULL,
  `customer_id` int NOT NULL,
  `rating` tinyint DEFAULT NULL,
  `comment` text,
  `created_at` timestamp NULL DEFAULT CURRENT_TIMESTAMP,
  `updated_at` timestamp NULL DEFAULT CURRENT_TIMESTAMP ON UPDATE CURRENT_TIMESTAMP,
  PRIMARY KEY (`id`),
  KEY `order_id` (`order_id`),
  KEY `customer_id` (`customer_id`),
  CONSTRAINT `reviews_ibfk_1` FOREIGN KEY (`order_id`) REFERENCES `orders` (`id`),
  CONSTRAINT `reviews_ibfk_2` FOREIGN KEY (`customer_id`) REFERENCES `users` (`id`),
  CONSTRAINT `reviews_chk_1` CHECK ((`rating` between 1 and 5))
) 
/*!40101 SET character_set_client = @saved_cs_client */;

--
-- Dumping data for table `reviews`
--

LOCK TABLES `reviews` WRITE;
/*!40000 ALTER TABLE `reviews` DISABLE KEYS */;
INSERT INTO `reviews` VALUES (1,2,2,5,'Kỹ thuật viên làm việc rất tốt, sạch sẽ, đúng giờ.','2025-09-22 08:57:09','2025-09-22 08:57:09');
/*!40000 ALTER TABLE `reviews` ENABLE KEYS */;
UNLOCK TABLES;

--
-- Table structure for table `services`
--

DROP TABLE IF EXISTS `services`;
/*!40101 SET @saved_cs_client     = @@character_set_client */;
/*!50503 SET character_set_client = utf8mb4 */;
CREATE TABLE `services` (
  `id` int NOT NULL AUTO_INCREMENT,
  `name` varchar(100) NOT NULL,
  `description` text,
  `price` int DEFAULT NULL,
  `unit` varchar(50) DEFAULT NULL,
  `created_at` timestamp NULL DEFAULT CURRENT_TIMESTAMP,
  `updated_at` timestamp NULL DEFAULT CURRENT_TIMESTAMP ON UPDATE CURRENT_TIMESTAMP,
  PRIMARY KEY (`id`)
) ENGINE=InnoDB AUTO_INCREMENT=168 DEFAULT CHARSET=utf8mb4 COLLATE=utf8mb4_0900_ai_ci;
/*!40101 SET character_set_client = @saved_cs_client */;

--
-- Dumping data for table `services`
--

LOCK TABLES `services` WRITE;
/*!40000 ALTER TABLE `services` DISABLE KEYS */;
INSERT INTO `services` VALUES (1,'sửa máy tính','222',10000,'Cái','2025-09-22 08:57:09','2025-10-17 03:15:18'),(2,'Vệ sinh máy lạnh','Vệ sinh, bảo dưỡng máy lạnh tại nhà',150000,'cái','2025-09-22 08:57:09','2025-09-22 08:57:09'),(3,'Lắp đặt camera','Lắp đặt camera giám sát trong nhà',100000,'điểm','2025-09-22 08:57:09','2025-09-22 08:57:09'),(4,'Sửa ống nước','Khắc phục rò rỉ, hỏng hóc đường ống nước',120000,'giờ','2025-09-22 08:57:09','2025-09-22 08:57:09'),(8,'hihi','he',220000,'cái','2025-09-22 10:03:23','2025-09-23 03:36:48'),(12,'Sửa máy bơm nước','Sửa chữa, thay thế linh kiện máy bơm nước',200000,'giờ','2025-09-22 10:03:23','2025-09-22 10:03:23'),(13,'Lắp đặt internet wifi','Cấu hình, lắp đặt thiết bị phát wifi trong nhà',150000,'lần','2025-09-22 10:03:23','2025-09-22 10:03:23'),(14,'Sửa tivi','Khắc phục lỗi tivi không lên hình, không có tiếng',250000,'giờ','2025-09-22 10:03:23','2025-09-22 10:03:23'),(15,'Lắp đặt máy giặt','Lắp đặt, cân chỉnh vị trí máy giặt',200000,'cái','2025-09-22 10:03:23','2025-09-22 10:03:23'),(16,'Vệ sinh máy giặt','Vệ sinh, bảo dưỡng lồng giặt',300000,'cái','2025-09-22 10:03:23','2025-09-22 10:03:23'),(17,'Thay vòi nước','Thay mới hoặc sửa chữa vòi nước bị rò rỉ',70000,'cái','2025-09-22 10:03:23','2025-09-22 10:03:23'),(21,'Sửa điện cơ bản','Kiểm tra và sửa chữa sự cố điện nhỏ',200000,'lần','2025-09-22 14:37:37','2025-09-22 14:37:37'),(22,'123','123',213123,'cái','2025-09-22 14:41:45','2025-09-22 14:41:45'),(26,'213','123',123,'lần','2025-09-22 14:42:54','2025-09-22 14:42:54'),(34,'213','123',21,'lần','2025-09-22 14:47:38','2025-09-22 14:47:38'),(35,'213','123',21,'lần','2025-09-22 14:47:38','2025-09-22 14:47:38'),(36,'213','123',21,'lần','2025-09-22 14:47:39','2025-09-22 14:47:39'),(37,'213','123',21,'lần','2025-09-22 14:47:39','2025-09-22 14:47:39'),(38,'','',0,'','2025-09-22 14:49:10','2025-09-22 14:49:10'),(39,'123','123123',123123,'','2025-09-22 14:49:16','2025-09-22 14:49:16'),(40,'123','123123',123123,'','2025-09-22 14:49:16','2025-09-22 14:49:16'),(41,'123','123123',123123,'','2025-09-22 14:49:17','2025-09-22 14:49:17'),(42,'123','123123',123123,'','2025-09-22 14:49:18','2025-09-22 14:49:18'),(43,'123','123123',123123,'','2025-09-22 14:49:18','2025-09-22 14:49:18'),(44,'123','123123',123123,'','2025-09-22 14:49:18','2025-09-22 14:49:18'),(45,'123','123123',123123,'','2025-09-22 14:49:18','2025-09-22 14:49:18'),(46,'123','123123',123123,'','2025-09-22 14:49:18','2025-09-22 14:49:18'),(47,'123','123123',12123,'','2025-09-22 14:49:24','2025-09-22 14:49:24'),(48,'123','123123',12123,'','2025-09-22 14:49:24','2025-09-22 14:49:24'),(49,'123','123123',12123,'','2025-09-22 14:49:24','2025-09-22 14:49:24'),(50,'123','123123',1,'','2025-09-22 14:49:30','2025-09-22 14:49:30'),(51,'123','123123',1,'','2025-09-22 14:49:30','2025-09-22 14:49:30'),(52,'123','123123',1,'','2025-09-22 14:49:30','2025-09-22 14:49:30'),(53,'123','123123',1,'','2025-09-22 14:49:31','2025-09-22 14:49:31'),(54,'123','123123',1,'','2025-09-22 14:49:31','2025-09-22 14:49:31'),(55,'123','123123',1,'','2025-09-22 14:49:31','2025-09-22 14:49:31'),(56,'123','123123',1,'','2025-09-22 14:49:31','2025-09-22 14:49:31'),(57,'123','123123',1,'','2025-09-22 14:49:31','2025-09-22 14:49:31'),(58,'123','123123',1,'','2025-09-22 14:49:31','2025-09-22 14:49:31'),(59,'123','123123',1,'','2025-09-22 14:49:31','2025-09-22 14:49:31'),(60,'123','123',2121321,'bộ','2025-09-22 14:50:41','2025-09-22 14:50:41'),(61,'123','123',2121321,'bộ','2025-09-22 14:50:41','2025-09-22 14:50:41'),(62,'123','123',2121321,'bộ','2025-09-22 14:50:41','2025-09-22 14:50:41'),(63,'123','123',2121321,'bộ','2025-09-22 14:50:41','2025-09-22 14:50:41'),(64,'123','123',2121321,'bộ','2025-09-22 14:50:42','2025-09-22 14:50:42'),(65,'123','123',2121321,'bộ','2025-09-22 14:50:42','2025-09-22 14:50:42'),(66,'132','123',123213,'lần','2025-09-23 02:58:32','2025-09-23 02:58:32'),(67,'132','123',123213,'lần','2025-09-23 02:58:33','2025-09-23 02:58:33'),(68,'132','123',123213,'lần','2025-09-23 02:58:34','2025-09-23 02:58:34'),(69,'132','123',123213,'lần','2025-09-23 02:58:34','2025-09-23 02:58:34'),(70,'132','123',123213,'lần','2025-09-23 02:58:35','2025-09-23 02:58:35'),(71,'132','123',123213,'lần','2025-09-23 02:58:38','2025-09-23 02:58:38'),(72,'132','123',123213,'lần','2025-09-23 02:58:38','2025-09-23 02:58:38'),(73,'132','123',123213,'lần','2025-09-23 02:58:38','2025-09-23 02:58:38'),(74,'132','123',123213,'lần','2025-09-23 02:58:40','2025-09-23 02:58:40'),(75,'132','123',123213,'lần','2025-09-23 02:58:42','2025-09-23 02:58:42'),(76,'132','123',123213,'lần','2025-09-23 02:58:43','2025-09-23 02:58:43'),(77,'132','123',123213,'lần','2025-09-23 02:58:43','2025-09-23 02:58:43'),(78,'132','123',123213,'lần','2025-09-23 02:58:43','2025-09-23 02:58:43'),(79,'132','123',123213,'lần','2025-09-23 02:58:43','2025-09-23 02:58:43'),(80,'132','123',123213,'điểm','2025-09-23 02:58:45','2025-09-23 02:58:45'),(81,'132','123',123213,'điểm','2025-09-23 02:58:50','2025-09-23 02:58:50'),(82,'132','123',123213,'điểm','2025-09-23 02:58:50','2025-09-23 02:58:50'),(83,'132','123',123213,'điểm','2025-09-23 02:58:50','2025-09-23 02:58:50'),(84,'132','123',123213,'điểm','2025-09-23 02:58:51','2025-09-23 02:58:51'),(85,'132','123',123213,'điểm','2025-09-23 02:58:53','2025-09-23 02:58:53'),(86,'132','123',123213,'điểm','2025-09-23 02:58:54','2025-09-23 02:58:54'),(87,'test name','213',2133,'lần','2025-09-23 02:59:02','2025-09-23 02:59:02'),(88,'test name','213',2133,'lần','2025-09-23 02:59:05','2025-09-23 02:59:05'),(89,'test name','213',2133,'lần','2025-09-23 02:59:06','2025-09-23 02:59:06'),(90,'test name','213',2133,'lần','2025-09-23 02:59:06','2025-09-23 02:59:06'),(91,'test name','213',2133,'lần','2025-09-23 02:59:06','2025-09-23 02:59:06'),(92,'test name','213',2133,'lần','2025-09-23 02:59:07','2025-09-23 02:59:07'),(93,'test name','213',2133,'lần','2025-09-23 02:59:40','2025-09-23 02:59:40'),(94,'test name','213',2133,'điểm','2025-09-23 02:59:42','2025-09-23 02:59:42'),(95,'213','123',12333,'lần','2025-09-23 03:00:14','2025-09-23 03:00:14'),(97,'213','123',12333,'lần','2025-09-23 03:00:18','2025-09-23 03:00:18'),(98,'213','123',12333,'lần','2025-09-23 03:00:18','2025-09-23 03:00:18'),(99,'hihi','123123',12,'lần','2025-09-23 03:00:18','2025-10-17 04:01:50'),(167,'kk','213',12300123,'lần','2025-10-17 04:01:24','2025-10-17 04:01:24');
/*!40000 ALTER TABLE `services` ENABLE KEYS */;
UNLOCK TABLES;

--
-- Table structure for table `users`
--

DROP TABLE IF EXISTS `users`;
/*!40101 SET @saved_cs_client     = @@character_set_client */;
/*!50503 SET character_set_client = utf8mb4 */;
CREATE TABLE `users` (
  `id` int NOT NULL AUTO_INCREMENT,
  `name` varchar(100) NOT NULL,
  `phone` varchar(20) NOT NULL,
  `password` varchar(100) NOT NULL,
  `address` varchar(200) DEFAULT NULL,
  `role` enum('admin','customer','technical') DEFAULT 'customer',
  `created_at` timestamp NULL DEFAULT CURRENT_TIMESTAMP,
  `updated_at` timestamp NULL DEFAULT CURRENT_TIMESTAMP ON UPDATE CURRENT_TIMESTAMP,
  PRIMARY KEY (`id`),
  UNIQUE KEY `phone` (`phone`)
) ENGINE=InnoDB AUTO_INCREMENT=152 DEFAULT CHARSET=utf8mb4 COLLATE=utf8mb4_0900_ai_ci;
/*!40101 SET character_set_client = @saved_cs_client */;

--
-- Dumping data for table `users`
--

LOCK TABLES `users` WRITE;
/*!40000 ALTER TABLE `users` DISABLE KEYS */;
INSERT INTO `users` VALUES (1,'Admin213','0900000001','admin123','Hà Nội','admin','2025-09-22 08:57:09','2025-09-26 09:50:41'),(2,'Nguyễn Văn A','0900000002','cust123','Đà Nẵng','customer','2025-09-22 08:57:09','2025-10-15 03:49:16'),(3,'Trần Văn Bê','0900000003','tech123','Hồ Chí Minh','technical','2025-09-22 08:57:09','2025-10-16 03:38:55'),(30,'Nguyen Van E','0900000005','123456','Can Tho','customer','2025-09-26 04:54:49','2025-09-26 04:54:49'),(31,'Tran Van F','0900000006','123456','Hue','technical','2025-09-26 04:54:49','2025-09-26 04:54:49'),(33,'Tran Van H','0900000008','123456','Binh Duong','customer','2025-09-26 04:54:49','2025-09-26 04:54:49'),(41,'Pham Van P123','0900000016','123456','Quang Tri','customer','2025-09-26 04:54:49','2025-09-26 08:32:47'),(69,'Le Thi O123','123123123123123123','3123123','123123','customer','2025-09-27 03:21:53','2025-09-27 03:21:53'),(71,'Le Thi O123','1231231','3123123','123123','admin','2025-09-27 03:22:10','2025-10-14 14:50:11'),(72,'Tran Van J','0123456789','123456','Sài Gòn TPHCM','customer','2025-09-27 03:22:42','2025-09-27 03:22:42'),(104,'Tran Van J','123123','12312123','123','customer','2025-09-27 03:28:54','2025-09-27 03:28:54'),(106,'Pham Van P123','09000012018','123456','12','customer','2025-09-27 03:43:22','2025-10-14 13:53:05'),(133,'thanhtync123','0914161844','123abc456','Sài gòn','customer','2025-09-27 04:43:52','2025-10-15 04:01:18'),(149,'','','','','customer','2025-10-16 03:39:00','2025-10-16 03:39:00');
/*!40000 ALTER TABLE `users` ENABLE KEYS */;
UNLOCK TABLES;
/*!40103 SET TIME_ZONE=@OLD_TIME_ZONE */;

/*!40101 SET SQL_MODE=@OLD_SQL_MODE */;
/*!40014 SET FOREIGN_KEY_CHECKS=@OLD_FOREIGN_KEY_CHECKS */;
/*!40014 SET UNIQUE_CHECKS=@OLD_UNIQUE_CHECKS */;
/*!40101 SET CHARACTER_SET_CLIENT=@OLD_CHARACTER_SET_CLIENT */;
/*!40101 SET CHARACTER_SET_RESULTS=@OLD_CHARACTER_SET_RESULTS */;
/*!40101 SET COLLATION_CONNECTION=@OLD_COLLATION_CONNECTION */;
/*!40111 SET SQL_NOTES=@OLD_SQL_NOTES */;

-- Dump completed on 2025-10-23 12:00:36
